1.8656;2.6836;2.6
1.8656;2.6836;2.2
1.8656;2.6836;2.102
1.8561;2.6762;2.1016
1.8471;2.6684;2.1012
1.8384;2.6602;2.1007
1.8302;2.6515;2.1003
1.8225;2.6423;2.0999
1.8153;2.6328;2.0995
1.8086;2.6229;2.0991
1.8024;2.6127;2.0987
1.7967;2.6021;2.0982
1.7916;2.5913;2.0978
1.7871;2.5802;2.0974
1.7832;2.5689;2.097
1.7799;2.5574;2.0966
1.7772;2.5458;2.0962
1.7751;2.534;2.0957
1.7736;2.5221;2.0953
1.7727;2.5102;2.0949
1.7725;2.4982;2.0945
1.7729;2.4863;2.0941
1.7739;2.4744;2.0936
1.7756;2.4625;2.0932
1.7779;2.4508;2.0928
1.7808;2.4392;2.0924
1.7843;2.4277;2.092
1.7884;2.4165;2.0916
1.7931;2.4055;2.0911
1.7983;2.3947;2.0907
1.8041;2.3843;2.0903
1.8105;2.3742;2.0899
1.8174;2.3644;2.0895
1.8247;2.355;2.089
1.8326;2.3459;2.0886
1.8409;2.3374;2.0882
1.8497;2.3292;2.0878
1.8589;2.3216;2.0874
1.8685;2.3144;2.087
1.8784;2.3077;2.0865
1.8887;2.3016;2.0861
1.8993;2.296;2.0857
1.9101;2.291;2.0853
1.9212;2.2866;2.0849
1.9326;2.2827;2.0845
1.9441;2.2795;2.084
1.9557;2.2768;2.0836
1.9675;2.2748;2.0832
1.9794;2.2734;2.0828
1.9913;2.2727;2.0824
2.0033;2.2725;2.0819
2.0153;2.273;2.0815
2.0272;2.2741;2.0811
2.039;2.2759;2.0807
2.0507;2.2782;2.0803
2.0623;2.2812;2.0799
2.0737;2.2848;2.0794
2.0849;2.289;2.079
2.0959;2.2937;2.0786
2.1066;2.299;2.0782
2.117;2.3049;2.0778
2.1271;2.3113;2.0774
2.1369;2.3183;2.0769
2.1462;2.3257;2.0765
2.1552;2.3337;2.0761
2.1637;2.342;2.0757
2.1718;2.3509;2.0753
2.1794;2.3601;2.0748
2.1865;2.3697;2.0744
2.1931;2.3797;2.074
2.1992;2.39;2.0736
2.2047;2.4007;2.0732
2.2096;2.4115;2.0728
2.214;2.4227;2.0723
2.2177;2.434;2.0719
2.2209;2.4456;2.0715
2.2234;2.4573;2.0711
2.2254;2.4691;2.0707
2.2267;2.481;2.0702
2.2274;2.4929;2.0698
2.2274;2.5049;2.0694
2.2269;2.5168;2.069
2.2257;2.5287;2.0686
2.2239;2.5405;2.0682
2.2214;2.5522;2.0677
2.2184;2.5638;2.0673
2.2147;2.5752;2.0669
2.2105;2.5864;2.0665
2.2056;2.5973;2.0661
2.2002;2.608;2.0657
2.1943;2.6184;2.0652
2.1878;2.6284;2.0648
2.1808;2.6381;2.0644
2.1733;2.6474;2.064
2.1653;2.6563;2.0636
2.1568;2.6648;2.0631
2.148;2.6728;2.0627
2.1387;2.6804;2.0623
2.129;2.6874;2.0619
2.119;2.6939;2.0615
2.1086;2.6999;2.0611
2.098;2.7053;2.0606
2.087;2.7102;2.0602
2.0759;2.7145;2.0598
2.0645;2.7182;2.0594
2.0529;2.7213;2.059
2.0412;2.7237;2.0586
2.0294;2.7256;2.0581
2.0175;2.7268;2.0577
2.0056;2.7274;2.0573
1.9936;2.7274;2.0569
1.9816;2.7268;2.0565
1.9698;2.7255;2.056
1.9579;2.7236;2.0556
1.9462;2.7211;2.0552
1.9347;2.7179;2.0548
1.9233;2.7142;2.0544
1.9122;2.7099;2.054
1.9013;2.705;2.0535
1.8906;2.6995;2.0531
1.8803;2.6935;2.0527
1.8703;2.6869;2.0523
1.8607;2.6798;2.0519
1.8514;2.6723;2.0514
1.8425;2.6642;2.051
1.8341;2.6557;2.0506
1.8262;2.6468;2.0502
1.8187;2.6374;2.0498
1.8117;2.6277;2.0494
1.8053;2.6176;2.0489
1.7994;2.6072;2.0485
1.794;2.5965;2.0481
1.7892;2.5856;2.0477
1.785;2.5744;2.0473
1.7814;2.563;2.0469
1.7784;2.5514;2.0464
1.776;2.5397;2.046
1.7742;2.5279;2.0456
1.7731;2.516;2.0452
1.7725;2.504;2.0448
1.7726;2.492;2.0443
1.7734;2.4801;2.0439
1.7747;2.4682;2.0435
1.7767;2.4564;2.0431
1.7793;2.4447;2.0427
1.7825;2.4332;2.0423
1.7863;2.4219;2.0418
1.7907;2.4108;2.0414
1.7957;2.3999;2.041
1.8013;2.3893;2.0406
1.8074;2.379;2.0402
1.814;2.369;2.0398
1.8211;2.3594;2.0393
1.8288;2.3502;2.0389
1.8369;2.3414;2.0385
1.8454;2.3331;2.0381
1.8544;2.3252;2.0377
1.8638;2.3178;2.0372
1.8736;2.3109;2.0368
1.8837;2.3045;2.0364
1.8941;2.2986;2.036
1.9049;2.2933;2.0356
1.9159;2.2886;2.0352
1.9271;2.2845;2.0347
1.9385;2.281;2.0343
1.9501;2.278;2.0339
1.9618;2.2757;2.0335
1.9737;2.274;2.0331
1.9856;2.273;2.0326
1.9976;2.2725;2.0322
2.0095;2.2727;2.0318
2.0214;2.2735;2.0314
2.0333;2.275;2.031
2.0451;2.277;2.0306
2.0568;2.2797;2.0301
2.0683;2.283;2.0297
2.0796;2.2869;2.0293
2.0907;2.2913;2.0289
2.1015;2.2964;2.0285
2.1121;2.302;2.0281
2.1223;2.3082;2.0276
2.1322;2.3149;2.0272
2.1418;2.3221;2.0268
2.1509;2.3298;2.0264
2.1597;2.338;2.026
2.168;2.3466;2.0255
2.1758;2.3556;2.0251
2.1832;2.3651;2.0247
2.19;2.3749;2.0243
2.1963;2.385;2.0239
2.2021;2.3955;2.0235
2.2073;2.4063;2.023
2.2119;2.4173;2.0226
2.216;2.4286;2.0222
2.2194;2.44;2.0218
2.2223;2.4516;2.0214
2.2245;2.4634;2.021
2.2261;2.4752;2.0205
2.2271;2.4871;2.0201
2.2275;2.4991;2.0197
2.2272;2.5111;2.0193
2.2263;2.523;2.0189
2.2248;2.5349;2.0184
2.2227;2.5466;2.018
2.2199;2.5583;2.0176
2.2165;2.5697;2.0172
2.2126;2.581;2.0168
2.208;2.5921;2.0164
2.2029;2.6029;2.0159
2.1972;2.6134;2.0155
2.191;2.6236;2.0151
2.1842;2.6335;2.0147
2.1769;2.643;2.0143
2.1692;2.6521;2.0138
2.161;2.6608;2.0134
2.1523;2.669;2.013
2.1432;2.6768;2.0126
2.1337;2.6841;2.0122
2.1238;2.6908;2.0118
2.1136;2.6971;2.0113
2.1031;2.7028;2.0109
2.0923;2.7079;2.0105
2.0813;2.7125;2.0101
2.07;2.7165;2.0097
2.0585;2.7199;2.0093
2.0469;2.7226;2.0088
2.0351;2.7248;2.0084
2.0232;2.7263;2.008
2.0113;2.7272;2.0076
1.9993;2.7275;2.0072
1.9874;2.7272;2.0067
1.9755;2.7262;2.0063
1.9636;2.7246;2.0059
1.9519;2.7223;2.0055
1.9402;2.7195;2.0051
1.9288;2.7161;2.0047
1.9175;2.712;2.0042
1.9065;2.7074;2.0038
1.8957;2.7022;2.0034
1.8852;2.6964;2.003
1.8751;2.6901;2.0026
1.8652;2.6833;2.0022
1.8558;2.676;2.0017
1.8468;2.6681;2.0013
1.8381;2.6599;2.0009
1.8299;2.6511;2.0005
1.8222;2.642;2.0001
1.815;2.6324;1.9996
1.8083;2.6225;1.9992
1.8021;2.6123;1.9988
1.7965;2.6017;1.9984
1.7914;2.5909;1.998
1.787;2.5798;1.9976
1.7831;2.5685;1.9971
1.7798;2.557;1.9967
1.7771;2.5453;1.9963
1.775;2.5336;1.9959
1.7735;2.5217;1.9955
1.7727;2.5098;1.995
1.7725;2.4978;1.9946
1.7729;2.4858;1.9942
1.774;2.4739;1.9938
1.7757;2.4621;1.9934
1.778;2.4503;1.993
1.7809;2.4387;1.9925
1.7844;2.4273;1.9921
1.7885;2.4161;1.9917
1.7932;2.4051;1.9913
1.7985;2.3943;1.9909
1.8044;2.3839;1.9905
1.8107;2.3738;1.99
1.8176;2.364;1.9896
1.825;2.3546;1.9892
1.8329;2.3456;1.9888
1.8413;2.337;1.9884
1.85;2.3289;1.9879
1.8592;2.3213;1.9875
1.8688;2.3141;1.9871
1.8788;2.3075;1.9867
1.8891;2.3014;1.9863
1.8997;2.2958;1.9859
1.9105;2.2908;1.9854
1.9216;2.2864;1.985
1.933;2.2826;1.9846
1.9445;2.2794;1.9842
1.9562;2.2768;1.9838
1.968;2.2748;1.9834
1.9799;2.2734;1.9829
1.9918;2.2726;1.9825
2.0038;2.2725;1.9821
2.0157;2.273;1.9817
2.0276;2.2742;1.9813
2.0394;2.2759;1.9808
2.0512;2.2783;1.9804
2.0628;2.2813;1.98
2.0742;2.2849;1.9796
2.0854;2.2891;1.9792
2.0963;2.2939;1.9788
2.107;2.2992;1.9783
2.1174;2.3052;1.9779
2.1275;2.3116;1.9775
2.1372;2.3186;1.9771
2.1466;2.326;1.9767
2.1555;2.334;1.9762
2.164;2.3424;1.9758
2.1721;2.3512;1.9754
2.1797;2.3605;1.975
2.1868;2.3701;1.9746
2.1933;2.3801;1.9742
2.1994;2.3904;1.9737
2.2049;2.4011;1.9733
2.2098;2.412;1.9729
2.2141;2.4231;1.9725
2.2179;2.4345;1.9721
2.221;2.446;1.9717
2.2235;2.4577;1.9712
2.2254;2.4695;1.9708
2.2267;2.4814;1.9704
2.2274;2.4933;1.97
2.2274;2.5053;1.9696
2.2268;2.5173;1.9691
2.2256;2.5292;1.9687
2.2238;2.541;1.9683
2.2213;2.5527;1.9679
2.2182;2.5642;1.9675
2.2146;2.5756;1.9671
2.2103;2.5868;1.9666
2.2054;2.5977;1.9662
2.2;2.6084;1.9658
2.194;2.6188;1.9654
2.1875;2.6288;1.965
2.1805;2.6385;1.9646
2.173;2.6478;1.9641
2.165;2.6567;1.9637
2.1565;2.6651;1.9633
2.1476;2.6731;1.9629
2.1383;2.6806;1.9625
2.1286;2.6876;1.962
2.1186;2.6942;1.9616
2.1082;2.7001;1.9612
2.0975;2.7055;1.9608
2.0866;2.7104;1.9604
2.0754;2.7146;1.96
2.064;2.7183;1.9595
2.0525;2.7214;1.9591
2.0408;2.7238;1.9587
2.029;2.7257;1.9583
2.0171;2.7269;1.9579
2.0051;2.7274;1.9574
1.9931;2.7274;1.957
1.9812;2.7267;1.9566
1.9693;2.7254;1.9562
1.9575;2.7235;1.9558
1.9458;2.721;1.9554
1.9343;2.7178;1.9549
1.9229;2.714;1.9545
1.9118;2.7097;1.9541
1.9009;2.7048;1.9537
1.8902;2.6993;1.9533
1.8799;2.6932;1.9529
1.8699;2.6867;1.9524
1.8603;2.6796;1.952
1.8511;2.672;1.9516
1.8422;2.6639;1.9512
1.8338;2.6554;1.9508
1.8259;2.6464;1.9503
1.8184;2.6371;1.9499
1.8115;2.6273;1.9495
1.805;2.6173;1.9491
1.7992;2.6068;1.9487
1.7938;2.5961;1.9483
1.789;2.5852;1.9478
1.7849;2.574;1.9474
1.7813;2.5626;1.947
1.7783;2.551;1.9466
1.7759;2.5392;1.9462
1.7742;2.5274;1.9458
1.773;2.5155;1.9453
1.7725;2.5036;1.9449
1.7727;2.4916;1.9445
1.7734;2.4797;1.9441
1.7748;2.4678;1.9437
1.7768;2.456;1.9432
1.7794;2.4443;1.9428
1.7827;2.4328;1.9424
1.7865;2.4215;1.942
1.7909;2.4103;1.9416
1.7959;2.3995;1.9412
1.8015;2.3889;1.9407
1.8076;2.3786;1.9403
1.8142;2.3687;1.9399
1.8214;2.3591;1.9395
1.8291;2.3499;1.9391
1.8372;2.3411;1.9386
1.8458;2.3328;1.9382
1.8548;2.3249;1.9378
1.8642;2.3175;1.9374
1.8739;2.3106;1.937
1.8841;2.3043;1.9366
1.8945;2.2984;1.9361
1.9053;2.2932;1.9357
1.9163;2.2885;1.9353
1.9275;2.2844;1.9349
1.9389;2.2808;1.9345
1.9505;2.2779;1.9341
1.9623;2.2756;1.9336
1.9741;2.274;1.9332
1.986;2.2729;1.9328
1.998;2.2725;1.9324
2.01;2.2727;1.932
2.0219;2.2736;1.9315
2.0338;2.275;1.9311
2.0455;2.2771;1.9307
2.0572;2.2798;1.9303
2.0687;2.2831;1.9299
2.08;2.287;1.9295
2.0911;2.2915;1.929
2.1019;2.2966;1.9286
2.1125;2.3022;1.9282
2.1227;2.3084;1.9278
2.1326;2.3151;1.9274
2.1421;2.3224;1.927
2.1513;2.3301;1.9265
2.16;2.3383;1.9261
2.1683;2.3469;1.9257
2.1761;2.356;1.9253
2.1834;2.3654;1.9249
2.1902;2.3752;1.9244
2.1965;2.3854;1.924
2.2023;2.3959;1.9236
2.2075;2.4067;1.9232
2.2121;2.4177;1.9228
2.2161;2.429;1.9224
2.2196;2.4404;1.9219
2.2224;2.4521;1.9215
2.2246;2.4638;1.9211
2.2262;2.4757;1.9207
2.2272;2.4876;1.9203
2.2275;2.4996;1.9198
2.2272;2.5115;1.9194
2.2263;2.5234;1.919
2.2247;2.5353;1.9186
2.2226;2.5471;1.9182
2.2198;2.5587;1.9178
2.2164;2.5702;1.9173
2.2124;2.5814;1.9169
2.2078;2.5925;1.9165
2.2027;2.6033;1.9161
2.197;2.6138;1.9157
2.1907;2.624;1.9153
2.184;2.6339;1.9148
2.1767;2.6433;1.9144
2.1689;2.6524;1.914
2.1606;2.6611;1.9136
2.1519;2.6693;1.9132
2.1428;2.6771;1.9127
2.1333;2.6843;1.9123
2.1235;2.6911;1.9119
2.1132;2.6973;1.9115
2.1027;2.703;1.9111
2.0919;2.7081;1.9107
2.0808;2.7127;1.9102
2.0695;2.7166;1.9098
2.0581;2.72;1.9094
2.0464;2.7227;1.909
2.0347;2.7248;1.9086
2.0228;2.7264;1.9082
2.0109;2.7272;1.9077
1.9989;2.7275;1.9073
1.9869;2.7271;1.9069
1.975;2.7261;1.9065
1.9632;2.7245;1.9061
1.9514;2.7223;1.9056
1.9398;2.7194;1.9052
1.9284;2.7159;1.9048
1.9171;2.7119;1.9044
1.9061;2.7072;1.904
1.8953;2.702;1.9036
1.8848;2.6962;1.9031
1.8747;2.6899;1.9027
1.8649;2.683;1.9023
1.8555;2.6757;1.9019
1.8464;2.6678;1.9015
1.8378;2.6595;1.901
1.8296;2.6508;1.9006
1.822;2.6416;1.9002
1.8148;2.6321;1.8998
1.8081;2.6222;1.8994
1.8019;2.6119;1.899
1.7963;2.6013;1.8985
1.7913;2.5905;1.8981
1.7868;2.5794;1.8977
1.7829;2.5681;1.8973
1.7796;2.5566;1.8969
1.777;2.5449;1.8965
1.7749;2.5331;1.896
1.7735;2.5212;1.8956
1.7727;2.5093;1.8952
1.7725;2.4973;1.8948
1.773;2.4854;1.8944
1.7741;2.4735;1.8939
1.7758;2.4616;1.8935
1.7781;2.4499;1.8931
1.781;2.4383;1.8927
1.7846;2.4269;1.8923
1.7887;2.4157;1.8919
1.7934;2.4047;1.8914
1.7987;2.3939;1.891
1.8046;2.3835;1.8906
1.811;2.3734;1.8902
1.8179;2.3636;1.8898
1.8253;2.3543;1.8894
1.8332;2.3453;1.8889
1.8416;2.3367;1.8885
1.8504;2.3286;1.8881
1.8596;2.321;1.8877
1.8692;2.3139;1.8873
1.8792;2.3072;1.8868
1.8895;2.3012;1.8864
1.9001;2.2956;1.886
1.9109;2.2907;1.8856
1.9221;2.2863;1.8852
1.9334;2.2825;1.8848
1.9449;2.2793;1.8843
1.9566;2.2767;1.8839
1.9684;2.2747;1.8835
1.9803;2.2734;1.8831
1.9922;2.2726;1.8827
2.0042;2.2725;1.8822
2.0162;2.2731;1.8818
2.0281;2.2742;1.8814
2.0399;2.276;1.881
2.0516;2.2784;1.8806
2.0632;2.2814;1.8802
2.0746;2.2851;1.8797
2.0858;2.2893;1.8793
2.0967;2.2941;1.8789
2.1074;2.2995;1.8785
2.1178;2.3054;1.8781
2.1279;2.3118;1.8777
2.1376;2.3188;1.8772
2.1469;2.3263;1.8768
2.1559;2.3343;1.8764
2.1644;2.3427;1.876
2.1724;2.3516;1.8756
2.18;2.3608;1.8751
2.187;2.3705;1.8747
2.1936;2.3805;1.8743
2.1996;2.3908;1.8739
2.2051;2.4015;1.8735
2.2099;2.4124;1.8731
2.2143;2.4235;1.8726
2.218;2.4349;1.8722
2.2211;2.4464;1.8718
2.2236;2.4581;1.8714
2.2255;2.47;1.871
2.2268;2.4818;1.8706
2.2274;2.4938;1.8701
2.2274;2.5058;1.8697
2.2268;2.5177;1.8693
2.2256;2.5296;1.8689
2.2237;2.5414;1.8685
2.2212;2.5531;1.868
2.2181;2.5647;1.8676
2.2144;2.576;1.8672
2.2101;2.5872;1.8668
2.2052;2.5981;1.8664
2.1998;2.6088;1.866
2.1938;2.6191;1.8655
2.1873;2.6292;1.8651
2.1802;2.6388;1.8647
2.1727;2.6481;1.8643
2.1647;2.657;1.8639
2.1562;2.6654;1.8634
2.1473;2.6734;1.863
2.138;2.6809;1.8626
2.1283;2.6879;1.8622
2.1182;2.6944;1.8618
2.1078;2.7003;1.8614
2.0971;2.7057;1.8609
2.0862;2.7105;1.8605
2.075;2.7148;1.8601
2.0636;2.7184;1.8597
2.052;2.7215;1.8593
2.0403;2.7239;1.8589
2.0285;2.7257;1.8584
2.0166;2.7269;1.858
2.0047;2.7275;1.8576
1.9927;2.7274;1.8572
1.9808;2.7267;1.8568
1.9689;2.7254;1.8563
1.9571;2.7234;1.8559
1.9454;2.7208;1.8555
1.9338;2.7177;1.8551
1.9225;2.7139;1.8547
1.9114;2.7095;1.8543
1.9005;2.7046;1.8538
1.8899;2.6991;1.8534
1.8795;2.693;1.853
1.8696;2.6864;1.8526
1.8599;2.6793;1.8522
1.8507;2.6717;1.8518
1.8419;2.6636;1.8513
1.8335;2.655;1.8509
1.8256;2.6461;1.8505
1.8182;2.6367;1.8501
1.8112;2.627;1.8497
1.8048;2.6169;1.8492
1.7989;2.6064;1.8488
1.7936;2.5957;1.8484
1.7889;2.5848;1.848
1.7847;2.5735;1.8476
1.7811;2.5621;1.8472
1.7782;2.5505;1.8467
1.7758;2.5388;1.8463
1.7741;2.527;1.8459
1.773;2.5151;1.8455
1.7725;2.5031;1.8451
1.7727;2.4911;1.8446
1.7735;2.4792;1.8442
1.7749;2.4673;1.8438
1.7769;2.4555;1.8434
1.7795;2.4439;1.843
1.7828;2.4324;1.8426
1.7866;2.421;1.8421
1.7911;2.4099;1.8417
1.7961;2.3991;1.8413
1.8017;2.3885;1.8409
1.8078;2.3782;1.8405
1.8145;2.3683;1.8401
1.8217;2.3587;1.8396
1.8294;2.3495;1.8392
1.8375;2.3408;1.8388
1.8461;2.3325;1.8384
1.8551;2.3246;1.838
1.8645;2.3172;1.8375
1.8743;2.3104;1.8371
1.8845;2.304;1.8367
1.8949;2.2982;1.8363
1.9057;2.293;1.8359
1.9167;2.2883;1.8355
1.9279;2.2842;1.835
1.9394;2.2807;1.8346
1.951;2.2778;1.8342
1.9627;2.2756;1.8338
1.9746;2.2739;1.8334
1.9865;2.2729;1.833
1.9984;2.2725;1.8325
2.0104;2.2727;1.8321
2.0223;2.2736;1.8317
2.0342;2.2751;1.8313
2.046;2.2772;1.8309
2.0576;2.2799;1.8304
2.0691;2.2833;1.83
2.0804;2.2872;1.8296
2.0915;2.2917;1.8292
2.1023;2.2968;1.8288
2.1129;2.3025;1.8284
2.1231;2.3087;1.8279
2.133;2.3154;1.8275
2.1425;2.3226;1.8271
2.1516;2.3304;1.8267
2.1603;2.3386;1.8263
2.1686;2.3472;1.8258
2.1764;2.3563;1.8254
2.1837;2.3658;1.825
2.1905;2.3756;1.8246
2.1968;2.3858;1.8242
2.2025;2.3963;1.8238
2.2077;2.4071;1.8233
2.2123;2.4181;1.8229
2.2163;2.4294;1.8225
2.2197;2.4409;1.8221
2.2225;2.4525;1.8217
2.2247;2.4643;1.8213
2.2262;2.4761;1.8208
2.2272;2.488;1.8204
2.2275;2.5;1.82
2.2272;2.5119;1.82
2.2263;2.5238;1.82
2.2247;2.5356;1.82
2.2225;2.5473;1.82
2.2197;2.5589;1.82
2.2164;2.5703;1.82
2.2124;2.5815;1.82
2.2078;2.5925;1.82
2.2027;2.6033;1.82
2.197;2.6137;1.82
2.1908;2.6239;1.82
2.1841;2.6337;1.82
2.1768;2.6432;1.82
2.1691;2.6522;1.82
2.1609;2.6609;1.82
2.1522;2.6691;1.82
2.1432;2.6768;1.82
2.1337;2.6841;1.82
2.1239;2.6908;1.82
2.1137;2.697;1.82
2.1033;2.7027;1.82
2.0925;2.7078;1.82
2.0815;2.7124;1.82
2.0703;2.7164;1.82
2.0589;2.7197;1.82
2.0473;2.7225;1.82
2.0356;2.7247;1.82
2.0238;2.7263;1.82
2.0119;2.7272;1.82
2;2.7275;1.82
1.9881;2.7272;1.82
1.9762;2.7263;1.82
1.9644;2.7247;1.82
1.9527;2.7225;1.82
1.9411;2.7197;1.82
1.9297;2.7164;1.82
1.9185;2.7124;1.82
1.9075;2.7078;1.82
1.8967;2.7027;1.82
1.8862;2.697;1.82
1.8761;2.6908;1.82
1.8663;2.6841;1.82
1.8568;2.6768;1.82
1.8478;2.6691;1.82
1.8391;2.6609;1.82
1.8309;2.6522;1.82
1.8232;2.6432;1.82
1.8159;2.6337;1.82
1.8092;2.6239;1.82
1.803;2.6137;1.82
1.7973;2.6033;1.82
1.7922;2.5925;1.82
1.7876;2.5815;1.82
1.7836;2.5703;1.82
1.7803;2.5589;1.82
1.7775;2.5473;1.82
1.7753;2.5356;1.82
1.7737;2.5238;1.82
1.7728;2.5119;1.82
1.7725;2.5;1.82
1.7728;2.4881;1.82
1.7737;2.4762;1.82
1.7753;2.4644;1.82
1.7775;2.4527;1.82
1.7803;2.4411;1.82
1.7836;2.4297;1.82
1.7876;2.4185;1.82
1.7922;2.4075;1.82
1.7973;2.3967;1.82
1.803;2.3863;1.82
1.8092;2.3761;1.82
1.8159;2.3663;1.82
1.8232;2.3568;1.82
1.8309;2.3478;1.82
1.8391;2.3391;1.82
1.8478;2.3309;1.82
1.8568;2.3232;1.82
1.8663;2.3159;1.82
1.8761;2.3092;1.82
1.8862;2.303;1.82
1.8967;2.2973;1.82
1.9075;2.2922;1.82
1.9185;2.2876;1.82
1.9297;2.2836;1.82
1.9411;2.2803;1.82
1.9527;2.2775;1.82
1.9644;2.2753;1.82
1.9762;2.2737;1.82
1.9881;2.2728;1.82
2;2.2725;1.82
2.0119;2.2728;1.82
2.0238;2.2737;1.82
2.0356;2.2753;1.82
2.0473;2.2775;1.82
2.0589;2.2803;1.82
2.0703;2.2836;1.82
2.0815;2.2876;1.82
2.0925;2.2922;1.82
2.1033;2.2973;1.82
2.1137;2.303;1.82
2.1239;2.3092;1.82
2.1337;2.3159;1.82
2.1432;2.3232;1.82
2.1522;2.3309;1.82
2.1609;2.3391;1.82
2.1691;2.3478;1.82
2.1768;2.3568;1.82
2.1841;2.3663;1.82
2.1908;2.3761;1.82
2.197;2.3863;1.82
2.2027;2.3967;1.82
2.2078;2.4075;1.82
2.2124;2.4185;1.82
2.2164;2.4297;1.82
2.2197;2.4411;1.82
2.2225;2.4527;1.82
2.2247;2.4644;1.82
2.2263;2.4762;1.82
2.2272;2.4881;1.82
2.2275;2.5;1.82
2.2276;2.5133;1.82
2.2293;2.5265;1.82
2.2419;2.5783;1.82
2.2449;2.5855;1.82
2.2477;2.5937;1.82
2.2499;2.603;1.82
2.2516;2.6132;1.82
2.2525;2.6245;1.82
2.2525;2.6366;1.82
2.2515;2.6496;1.82
2.2492;2.6633;1.82
2.2457;2.6777;1.82
2.2408;2.6926;1.82
2.2343;2.7078;1.82
2.2263;2.7232;1.82
2.2165;2.7386;1.82
2.2051;2.7539;1.82
2.192;2.7687;1.82
2.1772;2.783;1.82
2.1607;2.7966;1.82
2.1426;2.8091;1.82
2.123;2.8205;1.82
2.102;2.8306;1.82
2.0797;2.8391;1.82
2.0562;2.846;1.82
2.0318;2.8511;1.82
2.0066;2.8543;1.82
1.9807;2.8554;1.82
1.9545;2.8545;1.82
1.9281;2.8514;1.82
1.9016;2.8462;1.82
1.8754;2.8387;1.82
1.8497;2.8291;1.82
1.8245;2.8173;1.82
1.8002;2.8035;1.82
1.777;2.7877;1.82
1.7549;2.7699;1.82
1.7342;2.7503;1.82
1.7151;2.729;1.82
1.6977;2.7061;1.82
1.6821;2.6819;1.82
1.6685;2.6564;1.82
1.6569;2.6298;1.82
1.6475;2.6022;1.82
1.6403;2.574;1.82
1.6354;2.5452;1.82
1.6328;2.5161;1.82
1.6325;2.4868;1.82
1.6346;2.4575;1.82
1.6391;2.4285;1.82
1.6459;2.3999;1.82
1.6549;2.3719;1.82
1.6662;2.3447;1.82
1.6796;2.3184;1.82
1.6952;2.2933;1.82
1.7126;2.2696;1.82
1.732;2.2473;1.82
1.7531;2.2266;1.82
1.7757;2.2077;1.82
1.7999;2.1906;1.82
1.8253;2.1755;1.82
1.8519;2.1626;1.82
1.8794;2.1518;1.82
1.9077;2.1432;1.82
1.9366;2.1369;1.82
1.9659;2.133;1.82
1.9955;2.1314;1.82
2.025;2.1322;1.82
2.0545;2.1354;1.82
2.0835;2.141;1.82
2.1121;2.1488;1.82
2.1399;2.1589;1.82
2.1668;2.1713;1.82
2.1926;2.1857;1.82
2.2172;2.2022;1.82
2.2404;2.2206;1.82
2.2621;2.2407;1.82
2.2821;2.2626;1.82
2.3002;2.286;1.82
2.3227;2.3205;1.82
2.3482;2.3673;1.82
2.3698;2.4133;1.82
2.3849;2.4535;1.82
2.3954;2.4906;1.82
2.4025;2.5257;1.82
2.4065;2.5601;1.82
2.4077;2.5936;1.82
2.4063;2.6264;1.82
2.4023;2.6585;1.82
2.3958;2.6899;1.82
2.3868;2.7207;1.82
2.3753;2.7507;1.82
2.3614;2.7799;1.82
2.3451;2.808;1.82
2.3264;2.8349;1.82
2.3055;2.8606;1.82
2.2822;2.8847;1.82
2.2567;2.9072;1.82
2.2291;2.9279;1.82
2.1996;2.9466;1.82
2.1682;2.963;1.82
2.1352;2.977;1.82
2.1008;2.9886;1.82
2.0651;2.9974;1.82
2.0283;3.0033;1.82
1.9908;3.0064;1.82
1.9529;3.0064;1.82
1.9147;3.0034;1.82
1.8765;2.9972;1.82
1.8387;2.9879;1.82
1.8014;2.9756;1.82
1.765;2.9601;1.82
1.7298;2.9417;1.82
1.6958;2.9204;1.82
1.6636;2.8962;1.82
1.6332;2.8695;1.82
1.6049;2.8402;1.82
1.579;2.8086;1.82
1.5556;2.7749;1.82
1.5348;2.7393;1.82
1.517;2.7021;1.82
1.5022;2.6634;1.82
1.4904;2.6235;1.82
1.4819;2.5828;1.82
1.4767;2.5414;1.82
1.4748;2.4997;1.82
1.4763;2.4579;1.82
1.4812;2.4162;1.82
1.4893;2.3751;1.82
1.5008;2.3347;1.82
1.5155;2.2953;1.82
1.5333;2.2572;1.82
1.5541;2.2206;1.82
1.5778;2.1858;1.82
1.6042;2.1529;1.82
1.6332;2.1223;1.82
1.6646;2.0941;1.82
1.6982;2.0685;1.82
1.7337;2.0457;1.82
1.7709;2.0258;1.82
1.8097;2.0089;1.82
1.8496;1.9952;1.82
1.8906;1.9847;1.82
1.9323;1.9776;1.82
1.9744;1.9738;1.82
2.0167;1.9735;1.82
2.0588;1.9765;1.82
2.1006;1.9829;1.82
2.1418;1.9926;1.82
2.1821;2.0056;1.82
2.2211;2.0218;1.82
2.2588;2.0411;1.82
2.2948;2.0633;1.82
2.3306;2.0896;1.82
2.3673;2.1214;1.82
2.4042;2.159;1.82
2.4384;2.1999;1.82
2.4692;2.2434;1.82
2.4965;2.2892;1.82
2.5195;2.336;1.82
2.5382;2.3833;1.82
2.5528;2.431;1.82
2.5633;2.4789;1.82
2.5698;2.5268;1.82
2.5725;2.5744;1.82
2.5713;2.6216;1.82
2.5663;2.6682;1.82
2.5577;2.7139;1.82
2.5455;2.7588;1.82
2.5298;2.8024;1.82
2.5106;2.8446;1.82
2.488;2.8853;1.82
2.4621;2.9242;1.82
2.433;2.9611;1.82
2.4008;2.9957;1.82
2.3657;3.0279;1.82
2.3279;3.0574;1.82
2.2875;3.0839;1.82
2.2448;3.1074;1.82
2.1999;3.1274;1.82
2.1532;3.144;1.82
2.105;3.1568;1.82
2.0554;3.1658;1.82
2.005;3.1709;1.82
1.954;3.1719;1.82
1.9027;3.1687;1.82
1.8515;3.1614;1.82
1.8007;3.15;1.82
1.7507;3.1344;1.82
1.7019;3.1147;1.82
1.6545;3.0911;1.82
1.609;3.0636;1.82
1.5657;3.0325;1.82
1.5251;2.998;1.82
1.4873;2.9604;1.82
1.4527;2.9199;1.82
1.4213;2.8768;1.82
1.3934;2.8314;1.82
1.3692;2.7839;1.82
1.3488;2.7347;1.82
1.3323;2.684;1.82
1.3198;2.6322;1.82
1.3113;2.5796;1.82
1.307;2.5265;1.82
1.3067;2.4732;1.82
1.3106;2.4201;1.82
1.3186;2.3674;1.82
1.3306;2.3155;1.82
1.3466;2.2646;1.82
1.3664;2.2152;1.82
1.39;2.1674;1.82
1.4172;2.1215;1.82
1.4478;2.0779;1.82
1.4817;2.0368;1.82
1.5186;1.9983;1.82
1.5584;1.9628;1.82
1.6007;1.9305;1.82
1.6454;1.9015;1.82
1.6923;1.8761;1.82
1.7409;1.8543;1.82
1.7911;1.8363;1.82
1.8425;1.8223;1.82
1.8948;1.8122;1.82
1.9478;1.8062;1.82
2.001;1.8042;1.82
2.0543;1.8064;1.82
2.1072;1.8126;1.82
2.1595;1.8228;1.82
2.2108;1.837;1.82
2.261;1.8551;1.82
2.3096;1.8769;1.82
2.3565;1.9023;1.82
2.4014;1.9309;1.82
2.4442;1.9627;1.82
2.4847;1.9974;1.82
2.5227;2.0347;1.82
2.5582;2.0744;1.82
2.5911;2.1163;1.82
2.6211;2.1604;1.82
2.6481;2.2063;1.82
2.672;2.254;1.82
2.6927;2.3031;1.82
2.71;2.3535;1.82
2.724;2.4049;1.82
2.7344;2.4572;1.82
2.7412;2.51;1.82
2.7442;2.5632;1.82
2.7435;2.6165;1.82
2.7391;2.6696;1.82
2.731;2.7223;1.82
2.7192;2.7743;1.82
2.7038;2.8253;1.82
2.6849;2.8751;1.82
2.6625;2.9235;1.82
2.6367;2.9701;1.82
2.6076;3.0148;1.82
2.5755;3.0573;1.82
2.5405;3.0975;1.82
2.5028;3.1351;1.82
2.4626;3.1701;1.82
2.4201;3.2023;1.82
2.3754;3.2313;1.82
2.3289;3.2572;1.82
2.2806;3.2799;1.82
2.231;3.2993;1.82
2.1802;3.3153;1.82
2.1284;3.3279;1.82
2.0759;3.337;1.82
2.0229;3.3425;1.82
1.9696;3.3445;1.82
1.9163;3.343;1.82
1.8633;3.3381;1.82
1.8107;3.3297;1.82
1.7587;3.3178;1.82
1.7076;3.3025;1.82
1.6576;3.2841;1.82
1.6089;3.2626;1.82
1.5617;3.2378;1.82
1.5162;3.2101;1.82
1.4725;3.1796;1.82
1.4308;3.1463;1.82
1.3913;3.1106;1.82
1.3542;3.0723;1.82
1.3196;3.0318;1.82
1.2876;2.9892;1.82
1.2583;2.9447;1.82
1.2318;2.8984;1.82
1.2084;2.8506;1.82
1.188;2.8014;1.82
1.1706;2.751;1.82
1.1564;2.6996;1.82
1.1454;2.6475;1.82
1.1377;2.5947;1.82
1.1333;2.5416;1.82
1.1322;2.4883;1.82
1.1342;2.4351;1.82
1.1396;2.3821;1.82
1.1483;2.3295;1.82
1.1603;2.2776;1.82
1.1754;2.2265;1.82
1.1935;2.1763;1.82
1.2147;2.1275;1.82
1.2389;2.08;1.82
1.266;2.0341;1.82
1.2959;1.99;1.82
1.3283;1.9477;1.82
1.3633;1.9075;1.82
1.4007;1.8695;1.82
1.4404;1.834;1.82
1.4822;1.8009;1.82
1.5259;1.7704;1.82
1.5714;1.7427;1.82
1.6186;1.7178;1.82
1.6672;1.696;1.82
1.717;1.6771;1.82
1.7679;1.6612;1.82
1.8196;1.6485;1.82
1.8721;1.6391;1.82
1.925;1.633;1.82
1.9782;1.63;1.82
2.0315;1.6303;1.82
2.0847;1.6338;1.82
2.1376;1.6406;1.82
2.1899;1.6507;1.82
2.2415;1.6639;1.82
2.2923;1.6802;1.82
2.342;1.6994;1.82
2.3904;1.7217;1.82
2.4374;1.7467;1.82
2.4829;1.7745;1.82
2.5268;1.8047;1.82
2.5689;1.8374;1.82
2.6091;1.8723;1.82
2.6473;1.9095;1.82
2.6834;1.9488;1.82
2.7172;1.9899;1.82
2.7488;2.0328;1.82
2.778;2.0774;1.82
2.8047;2.1236;1.82
2.8287;2.1711;1.82
2.8501;2.2199;1.82
2.8689;2.2698;1.82
2.8849;2.3206;1.82
2.898;2.3723;1.82
2.9082;2.4246;1.82
2.9153;2.4774;1.82
2.9196;2.5305;1.82
2.9209;2.5838;1.82
2.9191;2.6371;1.82
2.9143;2.6901;1.82
2.9065;2.7429;1.82
2.8957;2.795;1.82
2.882;2.8465;1.82
2.8655;2.8972;1.82
2.8459;2.9468;1.82
2.8236;2.9951;1.82
2.7985;3.0422;1.82
2.7708;3.0877;1.82
2.7406;3.1316;1.82
2.708;3.1738;1.82
2.673;3.2139;1.82
2.6357;3.252;1.82
2.5964;3.288;1.82
2.5552;3.3218;1.82
2.5121;3.3531;1.82
2.4673;3.382;1.82
2.4209;3.4083;1.82
2.3732;3.432;1.82
2.3242;3.4531;1.82
2.2742;3.4714;1.82
2.2232;3.4869;1.82
2.1715;3.4996;1.82
2.1191;3.5094;1.82
2.0662;3.5163;1.82
2.0131;3.5205;1.82
1.9598;3.5217;1.82
1.9066;3.52;1.82
1.8535;3.5154;1.82
1.8007;3.508;1.82
1.7484;3.4978;1.82
1.6967;3.4849;1.82
1.6458;3.4692;1.82
1.5958;3.4507;1.82
1.5469;3.4296;1.82
1.4991;3.406;1.82
1.4526;3.3799;1.82
1.4075;3.3515;1.82
1.3641;3.3207;1.82
1.3223;3.2875;1.82
1.2823;3.2523;1.82
1.2443;3.215;1.82
1.2081;3.1759;1.82
1.174;3.1349;1.82
1.1422;3.0921;1.82
1.1127;3.0478;1.82
1.0855;3.002;1.82
1.0607;2.9548;1.82
1.0382;2.9064;1.82
1.0184;2.857;1.82
1.0011;2.8066;1.82
0.9865;2.7553;1.82
0.9746;2.7034;1.82
0.9653;2.6509;1.82
0.9587;2.598;1.82
0.9547;2.5449;1.82
0.9536;2.4916;1.82
0.9553;2.4383;1.82
0.9596;2.3852;1.82
0.9666;2.3324;1.82
0.9763;2.28;1.82
0.9886;2.2281;1.82
1.0037;2.177;1.82
1.0213;2.1267;1.82
1.0415;2.0774;1.82
1.0641;2.0291;1.82
1.0891;1.9821;1.82
1.1165;1.9364;1.82
1.1462;1.8922;1.82
1.1782;1.8495;1.82
1.2123;1.8085;1.82
1.2483;1.7693;1.82
1.2863;1.732;1.82
1.3262;1.6966;1.82
1.3679;1.6634;1.82
1.4112;1.6323;1.82
1.456;1.6035;1.82
1.5022;1.577;1.82
1.5497;1.5528;1.82
1.5984;1.5311;1.82
1.6481;1.512;1.82
1.6988;1.4954;1.82
1.7502;1.4814;1.82
1.8023;1.4699;1.82
1.8548;1.4612;1.82
1.9078;1.4551;1.82
1.961;1.4518;1.82
2.0143;1.4512;1.82
2.0675;1.4533;1.82
2.1206;1.4581;1.82
2.1734;1.4655;1.82
2.2257;1.4756;1.82
2.2774;1.4883;1.82
2.3285;1.5036;1.82
2.3787;1.5215;1.82
2.428;1.5417;1.82
2.4762;1.5643;1.82
2.5233;1.5893;1.82
2.5691;1.6166;1.82
2.6135;1.646;1.82
2.6565;1.6775;1.82
2.698;1.711;1.82
2.7378;1.7464;1.82
2.776;1.7836;1.82
2.8123;1.8226;1.82
2.8467;1.8633;1.82
2.8793;1.9055;1.82
2.9098;1.9491;1.82
2.9383;1.9941;1.82
2.9647;2.0404;1.82
2.9889;2.0879;1.82
3.0108;2.1365;1.82
3.0304;2.1861;1.82
3.0478;2.2365;1.82
3.0627;2.2876;1.82
3.0753;2.3394;1.82
3.0853;2.3917;1.82
3.0929;2.4445;1.82
3.098;2.4975;1.82
3.1005;2.5508;1.82
3.1006;2.6041;1.82
3.0982;2.6573;1.82
3.0932;2.7103;1.82
3.0856;2.7631;1.82
3.0756;2.8154;1.82
3.063;2.8672;1.82
3.0481;2.9184;1.82
3.0307;2.9688;1.82
3.0109;3.0182;1.82
2.9888;3.0667;1.82
2.9643;3.1141;1.82
2.9376;3.1602;1.82
2.9088;3.205;1.82
2.8779;3.2484;1.82
2.845;3.2903;1.82
2.8101;3.3306;1.82
2.7733;3.3691;1.82
2.7347;3.4059;1.82
2.6944;3.4408;1.82
2.6526;3.4738;1.82
2.6092;3.5048;1.82
2.5644;3.5337;1.82
2.5183;3.5604;1.82
2.471;3.5849;1.82
2.4226;3.6073;1.82
2.3879;3.6214;1.82
2.3736;3.6262;1.82
2.3589;3.629;1.82
2.3439;3.63;1.82
1.7403;3.63;1.82
1.6871;3.6273;1.82
1.6392;3.623;1.82
1.5867;3.6139;1.82
1.535;3.6007;1.82
1.4845;3.5839;1.82
1.4351;3.5639;1.82
1.387;3.541;1.82
1.3402;3.5154;1.82
1.2949;3.4874;1.82
1.251;3.4571;1.82
1.2088;3.4246;1.82
1.1682;3.3901;1.82
1.1292;3.3537;1.82
1.092;3.3156;1.82
1.0566;3.2757;1.82
1.0231;3.2343;1.82
0.9914;3.1915;1.82
0.9617;3.1472;1.82
0.934;3.1017;1.82
0.9085;3.0549;1.82
0.885;3.0071;1.82
0.8798;2.9953;1.82
0.8744;2.9802;1.82
0.8711;2.9645;1.82
0.87;2.9485;1.82
0.87;2.2006;1.82
0.8727;2.1473;1.82
0.8757;2.1208;1.82
0.8833;2.0734;1.82
0.8959;2.0216;1.82
0.9125;1.971;1.82
0.9327;1.9216;1.82
0.9559;1.8737;1.82
0.9819;1.8272;1.82
1.0104;1.7821;1.82
1.0412;1.7387;1.82
1.0743;1.6968;1.82
1.1093;1.6567;1.82
1.1462;1.6183;1.82
1.1849;1.5816;1.82
1.2252;1.5467;1.82
1.267;1.5136;1.82
1.3102;1.4825;1.82
1.3548;1.4533;1.82
1.4007;1.4262;1.82
1.4477;1.4011;1.82
1.4889;1.3814;1.82
1.5051;1.3751;1.82
1.522;1.3713;1.82
1.5393;1.37;1.82
2.3102;1.37;1.82
2.3635;1.3727;1.82
2.4099;1.3785;1.82
2.4617;1.3894;1.82
2.5128;1.4044;1.82
2.5628;1.4231;1.82
2.6114;1.4449;1.82
2.6586;1.4695;1.82
2.7045;1.4967;1.82
2.7489;1.5262;1.82
2.7918;1.5578;1.82
2.8331;1.5914;1.82
2.873;1.6268;1.82
2.9112;1.6639;1.82
2.9478;1.7026;1.82
2.9828;1.7429;1.82
3.0159;1.7846;1.82
3.0473;1.8276;1.82
3.077;1.8719;1.82
3.1048;1.9174;1.82
3.1153;1.9362;1.82
3.1216;1.9496;1.82
3.1263;1.9637;1.82
3.1291;1.9782;1.82
3.13;1.993;1.82
3.13;3.0091;1.82
3.128;3.0495;1.82
3.1229;3.0879;1.82
3.1138;3.1306;1.82
3.0994;3.1786;1.82
3.0801;3.2283;1.82
3.0571;3.2763;1.82
3.0309;3.3228;1.82
3.002;3.3675;1.82
2.9706;3.4106;1.82
2.937;3.452;1.82
2.9014;3.4916;1.82
2.8639;3.5295;1.82
2.8248;3.5656;1.82
2.784;3.6;1.82
2.7765;3.6058;1.82
2.7637;3.6143;1.82
2.75;3.6211;1.82
2.7355;3.626;1.82
2.7205;3.629;1.82
2.7053;3.63;1.82
2.3439;3.63;1.82
2.3385;3.6295;1.82
2.3331;3.6284;1.82
2.3279;3.6268;1.82
2.3229;3.6245;1.82
2.3181;3.6218;1.82
2.3137;3.6185;1.82
2.3097;3.6148;1.82
2.3061;3.6106;1.82
2.303;3.6061;1.82
2.3004;3.6013;1.82
2.2983;3.5962;1.82
2.2969;3.5909;1.82
2.296;3.5855;1.82
2.2957;3.5801;1.82
2.2957;3.58;1.82
2.2959;3.575;1.82
2.2967;3.57;1.82
2.2979;3.5651;1.82
2.2997;3.5603;1.82
2.3019;3.5558;1.82
2.3046;3.5515;1.82
2.3077;3.5475;1.82
2.3112;3.5438;1.82
2.315;3.5405;1.82
3.0494;2.9713;1.82
3.0539;2.9682;1.82
3.0587;2.9656;1.82
3.0638;2.9635;1.82
3.0691;2.962;1.82
3.0745;2.9611;1.82
3.08;2.9608;1.82
3.0855;2.9611;1.82
3.0909;2.962;1.82
3.0962;2.9635;1.82
3.1012;2.9655;1.82
3.1061;2.9681;1.82
3.1106;2.9712;1.82
3.1147;2.9748;1.82
3.1185;2.9788;1.82
3.1218;2.9833;1.82
3.1245;2.988;1.82
3.1268;2.993;1.82
3.1284;2.9982;1.82
3.1295;3.0036;1.82
3.13;3.0091;1.82
3.13;3.3085;1.82
3.1283;3.3418;1.82
3.1247;3.3698;1.82
3.1181;3.4004;1.82
3.1078;3.4348;1.82
3.0927;3.4735;1.82
3.0722;3.5159;1.82
3.0451;3.5618;1.82
3.0321;3.5804;1.82
3.0202;3.5947;1.82
3.0062;3.607;1.82
2.9904;3.6169;1.82
2.9733;3.6241;1.82
2.9552;3.6285;1.82
2.9366;3.63;1.82
2.7053;3.63;1.82
2.6998;3.6295;1.82
2.6944;3.6284;1.82
2.6892;3.6268;1.82
2.6842;3.6245;1.82
2.6795;3.6218;1.82
2.6751;3.6185;1.82
2.671;3.6148;1.82
2.6675;3.6106;1.82
2.6643;3.6061;1.82
2.6618;3.6013;1.82
2.6597;3.5962;1.82
2.6582;3.5909;1.82
2.6573;3.5855;1.82
2.657;3.5801;1.82
2.657;3.58;1.82
2.6573;3.5748;1.82
2.6581;3.5696;1.82
2.6595;3.5645;1.82
2.6613;3.5596;1.82
2.6637;3.555;1.82
2.6666;3.5506;1.82
2.6699;3.5465;1.82
2.6736;3.5428;1.82
2.6777;3.5395;1.82
3.0507;3.2697;1.82
3.0553;3.2668;1.82
3.0601;3.2644;1.82
3.0652;3.2625;1.82
3.0704;3.2612;1.82
3.0758;3.2604;1.82
3.0812;3.2603;1.82
3.0865;3.2607;1.82
3.0919;3.2617;1.82
3.097;3.2632;1.82
3.102;3.2653;1.82
3.1067;3.268;1.82
3.1111;3.2711;1.82
3.1152;3.2747;1.82
3.1188;3.2787;1.82
3.122;3.2831;1.82
3.1247;3.2877;1.82
3.1268;3.2927;1.82
3.1285;3.2978;1.82
3.1295;3.3031;1.82
3.13;3.3085;1.82
3.13;3.5481;1.82
3.1292;3.5642;1.82
3.1262;3.5775;1.82
3.1209;3.59;1.82
3.1135;3.6014;1.82
3.1041;3.6112;1.82
3.0931;3.6192;1.82
3.0809;3.6252;1.82
3.0678;3.6288;1.82
3.0543;3.63;1.82
3.0476;3.6295;1.82
3.041;3.6285;1.82
3.0346;3.627;1.82
3.0282;3.6249;1.82
3.0221;3.6224;1.82
3.0161;3.6194;1.82
3.0104;3.6159;1.82
3.0051;3.612;1.82
3;3.6077;1.82
2.9951;3.6027;1.82
2.9907;3.5974;1.82
2.9868;3.5917;1.82
2.9834;3.5857;1.82
2.9806;3.5794;1.82
2.9783;3.5728;1.82
2.9766;3.5661;1.82
2.9756;3.5593;1.82
2.9751;3.5524;1.82
2.9753;3.5454;1.82
2.9761;3.5386;1.82
2.9775;3.5318;1.82
2.9795;3.5252;1.82
2.982;3.5187;1.82
2.9852;3.5126;1.82
2.9889;3.5067;1.82
2.993;3.5012;1.82
2.9977;3.4961;1.82
3.0028;3.4914;1.82
3.0083;3.4872;1.82
3.0142;3.4835;1.82
3.0203;3.4804;1.82
3.0267;3.4778;1.82
3.0333;3.4757;1.82
3.0401;3.4743;1.82
3.047;3.4735;1.82
3.0539;3.4733;1.82
3.0608;3.4737;1.82
3.0676;3.4748;1.82
3.0744;3.4764;1.82
3.0809;3.4787;1.82
3.0872;3.4815;1.82
3.0933;3.4849;1.82
3.099;3.4888;1.82
3.1043;3.4931;1.82
3.1093;3.498;1.82
3.1138;3.5033;1.82
3.1178;3.5089;1.82
3.1212;3.5149;1.82
3.1242;3.5212;1.82
3.1265;3.5277;1.82
3.1283;3.5344;1.82
3.1294;3.5412;1.82
3.13;3.5481;1.82
3.13;3.578;1.82
3.1296;3.5855;1.82
3.1281;3.593;1.82
3.1254;3.6005;1.82
3.1211;3.608;1.82
3.1202;3.6093;1.82
3.1168;3.6134;1.82
3.1127;3.6175;1.82
3.109;3.6205;1.82
3.1052;3.623;1.82
3.0977;3.6266;1.82
3.0902;3.6289;1.82
3.0827;3.6299;1.82
3.0752;3.63;1.82
2.9366;3.63;1.82
2.9314;3.6295;1.82
2.9263;3.6286;1.82
2.9213;3.627;1.82
2.9165;3.625;1.82
2.9119;3.6225;1.82
2.9076;3.6195;1.82
2.9037;3.6161;1.82
2.9001;3.6122;1.82
2.897;3.6081;1.82
2.8943;3.6036;1.82
2.8921;3.5989;1.82
2.8903;3.594;1.82
2.264;1.4339;1.82
2.2628;1.4287;1.82
2.2621;1.4234;1.82
2.262;1.418;1.82
2.2625;1.4127;1.82
2.2636;1.4075;1.82
2.2652;1.4024;1.82
2.2673;1.3975;1.82
2.27;1.3928;1.82
2.2731;1.3885;1.82
2.2767;1.3845;1.82
2.2807;1.381;1.82
2.285;1.3779;1.82
2.2897;1.3752;1.82
2.2946;1.3731;1.82
2.2997;1.3715;1.82
2.3049;1.3705;1.82
2.3102;1.37;1.82
2.6552;1.37;1.82
2.6871;1.3716;1.82
2.7167;1.3755;1.82
2.751;1.3828;1.82
2.7887;1.3941;1.82
2.8307;1.4104;1.82
2.8774;1.4331;1.82
2.9233;1.4602;1.82
2.9672;1.4904;1.82
3.0091;1.5234;1.82
3.049;1.5586;1.82
3.0871;1.5959;1.82
3.0989;1.6087;1.82
3.1097;1.6223;1.82
3.1185;1.6374;1.82
3.1248;1.6536;1.82
3.1287;1.6706;1.82
3.13;1.688;1.82
3.13;1.993;1.82
3.1295;1.9985;1.82
3.1284;2.0039;1.82
3.1268;2.0091;1.82
3.1245;2.0141;1.82
3.1218;2.0188;1.82
3.1185;2.0232;1.82
3.1148;2.0272;1.82
3.1106;2.0308;1.82
3.1061;2.0339;1.82
3.1013;2.0365;1.82
3.0962;2.0386;1.82
3.0909;2.0401;1.82
3.0855;2.041;1.82
3.0801;2.0413;1.82
3.08;2.0413;1.82
3.0749;2.041;1.82
3.0697;2.0402;1.82
3.0647;2.0389;1.82
3.0599;2.037;1.82
3.0552;2.0347;1.82
3.0509;2.0319;1.82
3.0468;2.0287;1.82
3.0431;2.025;1.82
3.0398;2.021;1.82
2.6168;1.4497;1.82
2.6138;1.4452;1.82
2.6113;1.4404;1.82
2.6094;1.4353;1.82
2.608;1.43;1.82
2.6072;1.4247;1.82
2.607;1.4192;1.82
2.6073;1.4138;1.82
2.6083;1.4085;1.82
2.6098;1.4033;1.82
2.6119;1.3983;1.82
2.6145;1.3935;1.82
2.6177;1.3891;1.82
2.6212;1.385;1.82
2.6252;1.3813;1.82
2.6296;1.3781;1.82
2.6343;1.3754;1.82
2.6393;1.3732;1.82
2.6445;1.3716;1.82
2.6498;1.3705;1.82
2.6552;1.37;1.82
2.9102;1.37;1.82
2.9456;1.3718;1.82
2.9713;1.3751;1.82
2.9988;1.381;1.82
3.0303;1.3905;1.82
3.0615;1.4026;1.82
3.0643;1.4039;1.82
3.0803;1.4134;1.82
3.0947;1.4253;1.82
3.1069;1.4393;1.82
3.1168;1.4551;1.82
3.1241;1.4722;1.82
3.1285;1.4903;1.82
3.13;1.5089;1.82
3.1295;1.5144;1.82
3.1284;1.5197;1.82
3.1268;1.525;1.82
3.1245;1.53;1.82
3.1218;1.5347;1.82
3.1185;1.5391;1.82
3.1148;1.5431;1.82
3.1106;1.5467;1.82
3.1061;1.5498;1.82
3.1013;1.5524;1.82
3.0962;1.5545;1.82
3.0909;1.556;1.82
3.0855;1.5569;1.82
3.0801;1.5572;1.82
3.08;1.5572;1.82
3.0753;1.5569;1.82
3.0705;1.5563;1.82
3.0659;1.5551;1.82
3.0614;1.5535;1.82
3.057;1.5515;1.82
2.8889;1.4644;1.82
2.8842;1.4616;1.82
2.8798;1.4583;1.82
2.8758;1.4546;1.82
2.8722;1.4504;1.82
2.8692;1.4459;1.82
2.8666;1.4411;1.82
2.8646;1.436;1.82
2.8631;1.4307;1.82
2.8622;1.4253;1.82
2.8619;1.4198;1.82
2.8622;1.4144;1.82
2.8631;1.409;1.82
2.8646;1.4037;1.82
2.8667;1.3986;1.82
2.8693;1.3938;1.82
2.8724;1.3893;1.82
2.876;1.3852;1.82
2.88;1.3815;1.82
2.8844;1.3782;1.82
2.8891;1.3755;1.82
2.8941;1.3732;1.82
2.8994;1.3716;1.82
2.9047;1.3705;1.82
2.9102;1.37;1.82
3.0752;1.37;1.82
3.0827;1.3701;1.82
3.0902;1.3711;1.82
3.0977;1.3734;1.82
3.1052;1.3771;1.82
3.109;1.3795;1.82
3.1127;1.3825;1.82
3.1168;1.3866;1.82
3.1202;1.3907;1.82
3.1211;1.392;1.82
3.1254;1.3995;1.82
3.1281;1.407;1.82
3.1296;1.4145;1.82
3.13;1.422;1.82
3.13;1.688;1.82
3.1295;1.6934;1.82
3.1285;1.6987;1.82
3.1268;1.7039;1.82
3.1246;1.7089;1.82
3.1219;1.7136;1.82
3.1187;1.7179;1.82
3.115;1.7219;1.82
3.111;1.7255;1.82
3.1065;1.7286;1.82
3.1018;1.7313;1.82
3.0968;1.7334;1.82
3.0916;1.7349;1.82
0.9315;2.2475;1.82
0.9261;2.2484;1.82
0.9206;2.2488;1.82
0.915;2.2486;1.82
0.9096;2.2477;1.82
0.9043;2.2463;1.82
0.8991;2.2442;1.82
0.8942;2.2417;1.82
0.8897;2.2386;1.82
0.8855;2.235;1.82
0.8817;2.2309;1.82
0.8784;2.2265;1.82
0.8756;2.2218;1.82
0.8733;2.2167;1.82
0.8716;2.2115;1.82
0.8705;2.2061;1.82
0.87;2.2006;1.82
0.87;1.8562;1.82
0.8717;1.8218;1.82
0.8756;1.792;1.82
0.8825;1.7596;1.82
0.8936;1.7227;1.82
0.9096;1.6816;1.82
0.9312;1.637;1.82
0.9583;1.5911;1.82
0.9887;1.5474;1.82
1.022;1.5057;1.82
1.0577;1.4662;1.82
1.0956;1.4287;1.82
1.1278;1.3997;1.82
1.1413;1.3893;1.82
1.1562;1.381;1.82
1.1721;1.3749;1.82
1.1887;1.3712;1.82
1.2057;1.37;1.82
1.5393;1.37;1.82
1.5447;1.3705;1.82
1.5501;1.3716;1.82
1.5553;1.3732;1.82
1.5603;1.3755;1.82
1.5651;1.3782;1.82
1.5695;1.3815;1.82
1.5735;1.3852;1.82
1.5771;1.3894;1.82
1.5802;1.3939;1.82
1.5828;1.3987;1.82
1.5848;1.4038;1.82
1.5863;1.4091;1.82
1.5872;1.4145;1.82
1.5875;1.4199;1.82
1.5875;1.42;1.82
1.5873;1.4253;1.82
1.5864;1.4305;1.82
1.585;1.4357;1.82
1.5831;1.4406;1.82
1.5806;1.4453;1.82
1.5777;1.4498;1.82
1.5743;1.4539;1.82
1.5705;1.4576;1.82
1.5663;1.4609;1.82
0.9487;1.8953;1.82
0.9442;1.8982;1.82
0.9394;1.9005;1.82
0.9343;1.9023;1.82
0.9291;1.9036;1.82
0.9238;1.9043;1.82
0.9184;1.9044;1.82
0.913;1.904;1.82
0.9078;1.9029;1.82
0.9026;1.9013;1.82
0.8977;1.8992;1.82
0.893;1.8966;1.82
0.8887;1.8934;1.82
0.8847;1.8899;1.82
0.8811;1.8859;1.82
0.8779;1.8815;1.82
0.8753;1.8768;1.82
0.8731;1.8719;1.82
0.8715;1.8668;1.82
0.8705;1.8615;1.82
0.87;1.8562;1.82
0.87;1.6016;1.82
0.8717;1.5682;1.82
0.875;1.5431;1.82
0.8807;1.5165;1.82
0.8899;1.4858;1.82
0.9028;1.4525;1.82
0.9109;1.4357;1.82
0.9204;1.4197;1.82
0.9323;1.4053;1.82
0.9463;1.3931;1.82
0.9621;1.3832;1.82
0.9792;1.3759;1.82
0.9973;1.3715;1.82
1.0159;1.37;1.82
1.0214;1.3705;1.82
1.0267;1.3716;1.82
1.032;1.3732;1.82
1.037;1.3755;1.82
1.0417;1.3782;1.82
1.0461;1.3815;1.82
1.0501;1.3852;1.82
1.0537;1.3894;1.82
1.0568;1.3939;1.82
1.0594;1.3987;1.82
1.0615;1.4038;1.82
1.063;1.4091;1.82
1.0639;1.4145;1.82
1.0642;1.4199;1.82
1.0642;1.42;1.82
1.0639;1.4248;1.82
1.0632;1.4296;1.82
1.0621;1.4342;1.82
1.0605;1.4388;1.82
1.0585;1.4432;1.82
0.9643;1.6231;1.82
0.9615;1.6278;1.82
0.9582;1.6322;1.82
0.9544;1.6361;1.82
0.9503;1.6397;1.82
0.9458;1.6427;1.82
0.9409;1.6453;1.82
0.9358;1.6473;1.82
0.9306;1.6488;1.82
0.9252;1.6496;1.82
0.9197;1.6499;1.82
0.9143;1.6496;1.82
0.9089;1.6487;1.82
0.9036;1.6472;1.82
0.8986;1.6451;1.82
0.8938;1.6425;1.82
0.8893;1.6394;1.82
0.8851;1.6358;1.82
0.8814;1.6318;1.82
0.8782;1.6274;1.82
0.8754;1.6227;1.82
0.8732;1.6177;1.82
0.8716;1.6124;1.82
0.8705;1.6071;1.82
0.87;1.6016;1.82
0.87;1.422;1.82
0.8704;1.4142;1.82
0.8719;1.407;1.82
0.8746;1.3995;1.82
0.8789;1.392;1.82
0.8818;1.3882;1.82
0.8854;1.3844;1.82
0.8902;1.3803;1.82
0.8949;1.3771;1.82
0.9004;1.3742;1.82
0.9079;1.3716;1.82
0.9154;1.3703;1.82
0.9304;1.37;1.82
1.2057;1.37;1.82
1.211;1.3705;1.82
1.2163;1.3715;1.82
1.2215;1.3731;1.82
1.2264;1.3753;1.82
1.2311;1.378;1.82
1.2354;1.3811;1.82
1.2394;1.3848;1.82
1.243;1.3888;1.82
1.2461;1.3932;1.82
1.2488;1.3979;1.82
1.2509;1.4028;1.82
1.2525;1.408;1.82
1.7871;3.568;1.82
1.7881;3.5735;1.82
1.7885;3.579;1.82
1.7884;3.5846;1.82
1.7875;3.5901;1.82
1.7861;3.5954;1.82
1.7841;3.6006;1.82
1.7816;3.6055;1.82
1.7785;3.6102;1.82
1.7749;3.6144;1.82
1.7708;3.6182;1.82
1.7664;3.6216;1.82
1.7616;3.6244;1.82
1.7566;3.6267;1.82
1.7513;3.6284;1.82
1.7458;3.6295;1.82
1.7403;3.63;1.82
1.3653;3.63;1.82
1.3364;3.6285;1.82
1.3056;3.6245;1.82
1.2722;3.6174;1.82
1.2341;3.606;1.82
1.1917;3.5894;1.82
1.1454;3.567;1.82
1.0995;3.54;1.82
1.0557;3.5096;1.82
1.0139;3.4765;1.82
0.9742;3.441;1.82
0.9365;3.4033;1.82
0.9007;3.3639;1.82
0.8966;3.3589;1.82
0.8873;3.3458;1.82
0.8798;3.3316;1.82
0.8744;3.3165;1.82
0.8711;3.3007;1.82
0.87;3.2847;1.82
0.87;2.9485;1.82
0.8705;2.943;1.82
0.8716;2.9377;1.82
0.8732;2.9324;1.82
0.8755;2.9274;1.82
0.8782;2.9227;1.82
0.8815;2.9183;1.82
0.8852;2.9143;1.82
0.8894;2.9107;1.82
0.8939;2.9076;1.82
0.8987;2.905;1.82
0.9038;2.9029;1.82
0.9091;2.9014;1.82
0.9145;2.9005;1.82
0.9199;2.9002;1.82
0.92;2.9002;1.82
0.9253;2.9005;1.82
0.9305;2.9014;1.82
0.9357;2.9028;1.82
0.9406;2.9047;1.82
0.9453;2.9071;1.82
0.9498;2.9101;1.82
0.9538;2.9135;1.82
0.9576;2.9173;1.82
0.9608;2.9214;1.82
1.4045;3.5512;1.82
1.4073;3.5558;1.82
1.4097;3.5606;1.82
1.4115;3.5657;1.82
1.4128;3.5709;1.82
1.4135;3.5762;1.82
1.4136;3.5816;1.82
1.4131;3.5869;1.82
1.4121;3.5922;1.82
1.4105;3.5973;1.82
1.4084;3.6023;1.82
1.4057;3.607;1.82
1.4026;3.6113;1.82
1.399;3.6153;1.82
1.395;3.6189;1.82
1.3907;3.6221;1.82
1.386;3.6247;1.82
1.3811;3.6269;1.82
1.376;3.6285;1.82
1.3707;3.6295;1.82
1.3653;3.63;1.82
1.1104;3.63;1.82
1.0779;3.6284;1.82
1.0525;3.625;1.82
1.0255;3.6193;1.82
0.9944;3.6099;1.82
0.9604;3.5967;1.82
0.9257;3.5799;1.82
0.9119;3.5703;1.82
0.8997;3.5588;1.82
0.8893;3.5457;1.82
0.881;3.5311;1.82
0.8749;3.5155;1.82
0.8712;3.4992;1.82
0.87;3.4825;1.82
0.8705;3.477;1.82
0.8716;3.4716;1.82
0.8732;3.4664;1.82
0.8755;3.4614;1.82
0.8782;3.4567;1.82
0.8815;3.4523;1.82
0.8852;3.4483;1.82
0.8894;3.4447;1.82
0.8939;3.4416;1.82
0.8987;3.439;1.82
0.9038;3.4369;1.82
0.9091;3.4354;1.82
0.9145;3.4345;1.82
0.9199;3.4342;1.82
0.92;3.4342;1.82
0.9247;3.4344;1.82
0.9293;3.4351;1.82
0.9339;3.4362;1.82
0.9383;3.4377;1.82
0.9426;3.4396;1.82
1.1313;3.5355;1.82
1.136;3.5382;1.82
1.1404;3.5415;1.82
1.1445;3.5452;1.82
1.1481;3.5493;1.82
1.1512;3.5538;1.82
1.1538;3.5587;1.82
1.1559;3.5637;1.82
1.1574;3.569;1.82
1.1583;3.5744;1.82
1.1586;3.5799;1.82
1.1583;3.5854;1.82
1.1575;3.5908;1.82
1.156;3.5961;1.82
1.1539;3.6012;1.82
1.1513;3.606;1.82
1.1482;3.6106;1.82
1.1446;3.6147;1.82
1.1406;3.6185;1.82
1.1362;3.6217;1.82
1.1315;3.6245;1.82
1.1265;3.6267;1.82
1.1212;3.6284;1.82
1.1158;3.6295;1.82
1.1104;3.63;1.82
0.9304;3.63;1.82
0.9154;3.6297;1.82
0.9079;3.6284;1.82
0.9004;3.6258;1.82
0.8949;3.6229;1.82
0.8902;3.6197;1.82
0.8854;3.6156;1.82
0.8818;3.6118;1.82
0.8789;3.608;1.82
0.8746;3.6005;1.82
0.8719;3.593;1.82
0.8704;3.5858;1.82
0.87;3.578;1.82
0.87;3.2847;1.82
0.8707;3.2805;1.8203
0.8713;3.2764;1.8212
0.872;3.2724;1.8227
0.8734;3.2691;1.8245
0.8748;3.2661;1.8269
0.8759;3.2633;1.8297
0.877;3.2609;1.8328
0.8781;3.2592;1.8361
0.8791;3.2579;1.8396
0.8797;3.2569;1.8433
0.8801;3.2563;1.8471
0.8803;3.2561;1.8509
0.8803;3.2561;2.2
6.8656;2.6836;2.2
6.8656;2.6836;2.102
6.8561;2.6762;2.1016
6.8471;2.6684;2.1012
6.8384;2.6602;2.1007
6.8302;2.6515;2.1003
6.8225;2.6423;2.0999
6.8153;2.6328;2.0995
6.8086;2.6229;2.0991
6.8024;2.6127;2.0987
6.7967;2.6021;2.0982
6.7916;2.5913;2.0978
6.7871;2.5802;2.0974
6.7832;2.5689;2.097
6.7799;2.5574;2.0966
6.7772;2.5458;2.0962
6.7751;2.534;2.0957
6.7736;2.5221;2.0953
6.7727;2.5102;2.0949
6.7725;2.4982;2.0945
6.7729;2.4863;2.0941
6.7739;2.4744;2.0936
6.7756;2.4625;2.0932
6.7779;2.4508;2.0928
6.7808;2.4392;2.0924
6.7843;2.4277;2.092
6.7884;2.4165;2.0916
6.7931;2.4055;2.0911
6.7983;2.3947;2.0907
6.8041;2.3843;2.0903
6.8105;2.3742;2.0899
6.8174;2.3644;2.0895
6.8247;2.3549;2.089
6.8326;2.3459;2.0886
6.8409;2.3374;2.0882
6.8497;2.3292;2.0878
6.8589;2.3216;2.0874
6.8685;2.3144;2.087
6.8784;2.3077;2.0865
6.8887;2.3016;2.0861
6.8993;2.296;2.0857
6.9101;2.291;2.0853
6.9212;2.2866;2.0849
6.9326;2.2827;2.0845
6.9441;2.2795;2.084
6.9557;2.2768;2.0836
6.9675;2.2748;2.0832
6.9794;2.2734;2.0828
6.9913;2.2727;2.0824
7.0033;2.2725;2.0819
7.0153;2.273;2.0815
7.0272;2.2741;2.0811
7.039;2.2759;2.0807
7.0507;2.2782;2.0803
7.0623;2.2812;2.0799
7.0737;2.2848;2.0794
7.0849;2.289;2.079
7.0959;2.2937;2.0786
7.1066;2.299;2.0782
7.117;2.3049;2.0778
7.1271;2.3113;2.0774
7.1369;2.3183;2.0769
7.1462;2.3257;2.0765
7.1552;2.3337;2.0761
7.1637;2.342;2.0757
7.1718;2.3509;2.0753
7.1794;2.3601;2.0748
7.1865;2.3697;2.0744
7.1931;2.3797;2.074
7.1992;2.39;2.0736
7.2047;2.4007;2.0732
7.2096;2.4115;2.0728
7.214;2.4227;2.0723
7.2177;2.434;2.0719
7.2209;2.4456;2.0715
7.2234;2.4573;2.0711
7.2254;2.4691;2.0707
7.2267;2.481;2.0702
7.2274;2.4929;2.0698
7.2274;2.5049;2.0694
7.2269;2.5168;2.069
7.2257;2.5287;2.0686
7.2239;2.5405;2.0682
7.2214;2.5522;2.0677
7.2184;2.5638;2.0673
7.2147;2.5752;2.0669
7.2105;2.5864;2.0665
7.2056;2.5973;2.0661
7.2002;2.608;2.0657
7.1943;2.6184;2.0652
7.1878;2.6284;2.0648
7.1808;2.6381;2.0644
7.1733;2.6474;2.064
7.1653;2.6563;2.0636
7.1568;2.6648;2.0631
7.148;2.6728;2.0627
7.1387;2.6804;2.0623
7.129;2.6874;2.0619
7.119;2.6939;2.0615
7.1086;2.6999;2.0611
7.098;2.7053;2.0606
7.087;2.7102;2.0602
7.0759;2.7145;2.0598
7.0645;2.7182;2.0594
7.0529;2.7213;2.059
7.0412;2.7237;2.0586
7.0294;2.7256;2.0581
7.0175;2.7268;2.0577
7.0056;2.7274;2.0573
6.9936;2.7274;2.0569
6.9816;2.7268;2.0565
6.9698;2.7255;2.056
6.9579;2.7236;2.0556
6.9462;2.7211;2.0552
6.9347;2.7179;2.0548
6.9233;2.7142;2.0544
6.9122;2.7099;2.054
6.9013;2.705;2.0535
6.8906;2.6995;2.0531
6.8803;2.6935;2.0527
6.8703;2.6869;2.0523
6.8607;2.6798;2.0519
6.8514;2.6723;2.0514
6.8425;2.6642;2.051
6.8341;2.6557;2.0506
6.8262;2.6468;2.0502
6.8187;2.6374;2.0498
6.8117;2.6277;2.0494
6.8053;2.6176;2.0489
6.7994;2.6072;2.0485
6.794;2.5965;2.0481
6.7892;2.5856;2.0477
6.785;2.5744;2.0473
6.7814;2.563;2.0469
6.7784;2.5514;2.0464
6.776;2.5397;2.046
6.7742;2.5279;2.0456
6.7731;2.516;2.0452
6.7725;2.504;2.0448
6.7726;2.492;2.0443
6.7734;2.4801;2.0439
6.7747;2.4682;2.0435
6.7767;2.4564;2.0431
6.7793;2.4447;2.0427
6.7825;2.4332;2.0423
6.7863;2.4219;2.0418
6.7907;2.4108;2.0414
6.7957;2.3999;2.041
6.8013;2.3893;2.0406
6.8074;2.379;2.0402
6.814;2.369;2.0398
6.8211;2.3594;2.0393
6.8288;2.3502;2.0389
6.8369;2.3414;2.0385
6.8454;2.3331;2.0381
6.8544;2.3252;2.0377
6.8638;2.3178;2.0372
6.8736;2.3109;2.0368
6.8837;2.3045;2.0364
6.8941;2.2986;2.036
6.9049;2.2933;2.0356
6.9159;2.2886;2.0352
6.9271;2.2845;2.0347
6.9385;2.281;2.0343
6.9501;2.278;2.0339
6.9618;2.2757;2.0335
6.9737;2.274;2.0331
6.9856;2.273;2.0326
6.9976;2.2725;2.0322
7.0095;2.2727;2.0318
7.0214;2.2735;2.0314
7.0333;2.275;2.031
7.0451;2.277;2.0306
7.0568;2.2797;2.0301
7.0683;2.283;2.0297
7.0796;2.2869;2.0293
7.0907;2.2913;2.0289
7.1015;2.2964;2.0285
7.1121;2.302;2.0281
7.1223;2.3082;2.0276
7.1322;2.3149;2.0272
7.1418;2.3221;2.0268
7.1509;2.3298;2.0264
7.1597;2.338;2.026
7.168;2.3466;2.0255
7.1758;2.3556;2.0251
7.1832;2.3651;2.0247
7.19;2.3749;2.0243
7.1963;2.385;2.0239
7.2021;2.3955;2.0235
7.2073;2.4063;2.023
7.2119;2.4173;2.0226
7.216;2.4286;2.0222
7.2194;2.44;2.0218
7.2223;2.4516;2.0214
7.2245;2.4634;2.021
7.2261;2.4752;2.0205
7.2271;2.4871;2.0201
7.2275;2.4991;2.0197
7.2272;2.5111;2.0193
7.2263;2.523;2.0189
7.2248;2.5349;2.0184
7.2227;2.5466;2.018
7.2199;2.5583;2.0176
7.2165;2.5697;2.0172
7.2126;2.581;2.0168
7.208;2.5921;2.0164
7.2029;2.6029;2.0159
7.1972;2.6134;2.0155
7.191;2.6236;2.0151
7.1842;2.6335;2.0147
7.1769;2.643;2.0143
7.1692;2.6521;2.0138
7.161;2.6608;2.0134
7.1523;2.669;2.013
7.1432;2.6768;2.0126
7.1337;2.6841;2.0122
7.1238;2.6908;2.0118
7.1136;2.6971;2.0113
7.1031;2.7028;2.0109
7.0923;2.7079;2.0105
7.0813;2.7125;2.0101
7.07;2.7165;2.0097
7.0585;2.7199;2.0093
7.0469;2.7226;2.0088
7.0351;2.7248;2.0084
7.0232;2.7263;2.008
7.0113;2.7272;2.0076
6.9993;2.7275;2.0072
6.9874;2.7272;2.0067
6.9755;2.7262;2.0063
6.9636;2.7246;2.0059
6.9519;2.7223;2.0055
6.9402;2.7195;2.0051
6.9288;2.7161;2.0047
6.9175;2.712;2.0042
6.9065;2.7074;2.0038
6.8957;2.7022;2.0034
6.8852;2.6964;2.003
6.8751;2.6901;2.0026
6.8652;2.6833;2.0022
6.8558;2.676;2.0017
6.8468;2.6681;2.0013
6.8381;2.6599;2.0009
6.8299;2.6511;2.0005
6.8222;2.642;2.0001
6.815;2.6324;1.9996
6.8083;2.6225;1.9992
6.8021;2.6123;1.9988
6.7965;2.6017;1.9984
6.7914;2.5909;1.998
6.787;2.5798;1.9976
6.7831;2.5685;1.9971
6.7798;2.557;1.9967
6.7771;2.5453;1.9963
6.775;2.5336;1.9959
6.7735;2.5217;1.9955
6.7727;2.5098;1.995
6.7725;2.4978;1.9946
6.7729;2.4858;1.9942
6.774;2.4739;1.9938
6.7757;2.4621;1.9934
6.778;2.4503;1.993
6.7809;2.4387;1.9925
6.7844;2.4273;1.9921
6.7885;2.4161;1.9917
6.7932;2.4051;1.9913
6.7985;2.3943;1.9909
6.8044;2.3839;1.9905
6.8107;2.3738;1.99
6.8176;2.364;1.9896
6.825;2.3546;1.9892
6.8329;2.3456;1.9888
6.8413;2.337;1.9884
6.85;2.3289;1.9879
6.8592;2.3213;1.9875
6.8688;2.3141;1.9871
6.8788;2.3075;1.9867
6.8891;2.3014;1.9863
6.8997;2.2958;1.9859
6.9105;2.2908;1.9854
6.9216;2.2864;1.985
6.933;2.2826;1.9846
6.9445;2.2794;1.9842
6.9562;2.2768;1.9838
6.968;2.2748;1.9834
6.9799;2.2734;1.9829
6.9918;2.2726;1.9825
7.0038;2.2725;1.9821
7.0157;2.273;1.9817
7.0276;2.2742;1.9813
7.0394;2.2759;1.9808
7.0512;2.2783;1.9804
7.0628;2.2813;1.98
7.0742;2.2849;1.9796
7.0854;2.2891;1.9792
7.0963;2.2939;1.9788
7.107;2.2992;1.9783
7.1174;2.3052;1.9779
7.1275;2.3116;1.9775
7.1372;2.3186;1.9771
7.1466;2.326;1.9767
7.1555;2.334;1.9762
7.164;2.3424;1.9758
7.1721;2.3512;1.9754
7.1797;2.3605;1.975
7.1868;2.3701;1.9746
7.1933;2.3801;1.9742
7.1994;2.3904;1.9737
7.2049;2.4011;1.9733
7.2098;2.412;1.9729
7.2141;2.4231;1.9725
7.2179;2.4345;1.9721
7.221;2.446;1.9717
7.2235;2.4577;1.9712
7.2254;2.4695;1.9708
7.2267;2.4814;1.9704
7.2274;2.4933;1.97
7.2274;2.5053;1.9696
7.2268;2.5173;1.9691
7.2256;2.5292;1.9687
7.2238;2.541;1.9683
7.2213;2.5527;1.9679
7.2182;2.5642;1.9675
7.2146;2.5756;1.9671
7.2103;2.5868;1.9666
7.2054;2.5977;1.9662
7.2;2.6084;1.9658
7.194;2.6188;1.9654
7.1875;2.6288;1.965
7.1805;2.6385;1.9646
7.173;2.6478;1.9641
7.165;2.6567;1.9637
7.1565;2.6651;1.9633
7.1476;2.6731;1.9629
7.1383;2.6806;1.9625
7.1286;2.6876;1.962
7.1186;2.6942;1.9616
7.1082;2.7001;1.9612
7.0975;2.7055;1.9608
7.0866;2.7104;1.9604
7.0754;2.7146;1.96
7.064;2.7183;1.9595
7.0525;2.7214;1.9591
7.0408;2.7238;1.9587
7.029;2.7257;1.9583
7.0171;2.7269;1.9579
7.0051;2.7274;1.9574
6.9931;2.7274;1.957
6.9812;2.7267;1.9566
6.9693;2.7254;1.9562
6.9575;2.7235;1.9558
6.9458;2.721;1.9554
6.9343;2.7178;1.9549
6.9229;2.714;1.9545
6.9118;2.7097;1.9541
6.9009;2.7048;1.9537
6.8902;2.6993;1.9533
6.8799;2.6932;1.9529
6.8699;2.6867;1.9524
6.8603;2.6796;1.952
6.8511;2.672;1.9516
6.8422;2.6639;1.9512
6.8338;2.6554;1.9508
6.8259;2.6464;1.9503
6.8184;2.6371;1.9499
6.8115;2.6273;1.9495
6.805;2.6173;1.9491
6.7992;2.6068;1.9487
6.7938;2.5961;1.9483
6.789;2.5852;1.9478
6.7849;2.574;1.9474
6.7813;2.5626;1.947
6.7783;2.551;1.9466
6.7759;2.5392;1.9462
6.7742;2.5274;1.9458
6.773;2.5155;1.9453
6.7725;2.5036;1.9449
6.7727;2.4916;1.9445
6.7734;2.4797;1.9441
6.7748;2.4678;1.9437
6.7768;2.456;1.9432
6.7794;2.4443;1.9428
6.7827;2.4328;1.9424
6.7865;2.4215;1.942
6.7909;2.4103;1.9416
6.7959;2.3995;1.9412
6.8015;2.3889;1.9407
6.8076;2.3786;1.9403
6.8142;2.3687;1.9399
6.8214;2.3591;1.9395
6.8291;2.3499;1.9391
6.8372;2.3411;1.9386
6.8458;2.3328;1.9382
6.8548;2.3249;1.9378
6.8642;2.3175;1.9374
6.8739;2.3106;1.937
6.8841;2.3042;1.9366
6.8945;2.2984;1.9361
6.9053;2.2932;1.9357
6.9163;2.2885;1.9353
6.9275;2.2844;1.9349
6.9389;2.2808;1.9345
6.9505;2.2779;1.9341
6.9623;2.2756;1.9336
6.9741;2.274;1.9332
6.986;2.2729;1.9328
6.998;2.2725;1.9324
7.01;2.2727;1.932
7.0219;2.2736;1.9315
7.0338;2.275;1.9311
7.0455;2.2771;1.9307
7.0572;2.2798;1.9303
7.0687;2.2831;1.9299
7.08;2.287;1.9295
7.0911;2.2915;1.929
7.1019;2.2966;1.9286
7.1125;2.3022;1.9282
7.1227;2.3084;1.9278
7.1326;2.3151;1.9274
7.1421;2.3224;1.927
7.1513;2.3301;1.9265
7.16;2.3383;1.9261
7.1683;2.3469;1.9257
7.1761;2.356;1.9253
7.1834;2.3654;1.9249
7.1902;2.3752;1.9244
7.1965;2.3854;1.924
7.2023;2.3959;1.9236
7.2075;2.4067;1.9232
7.2121;2.4177;1.9228
7.2161;2.429;1.9224
7.2196;2.4404;1.9219
7.2224;2.4521;1.9215
7.2246;2.4638;1.9211
7.2262;2.4757;1.9207
7.2272;2.4876;1.9203
7.2275;2.4996;1.9198
7.2272;2.5115;1.9194
7.2263;2.5234;1.919
7.2247;2.5353;1.9186
7.2226;2.5471;1.9182
7.2198;2.5587;1.9178
7.2164;2.5702;1.9173
7.2124;2.5814;1.9169
7.2078;2.5925;1.9165
7.2027;2.6033;1.9161
7.197;2.6138;1.9157
7.1907;2.624;1.9153
7.184;2.6339;1.9148
7.1767;2.6433;1.9144
7.1689;2.6524;1.914
7.1606;2.6611;1.9136
7.1519;2.6693;1.9132
7.1428;2.6771;1.9127
7.1333;2.6843;1.9123
7.1235;2.6911;1.9119
7.1132;2.6973;1.9115
7.1027;2.703;1.9111
7.0919;2.7081;1.9107
7.0808;2.7127;1.9102
7.0695;2.7166;1.9098
7.0581;2.72;1.9094
7.0464;2.7227;1.909
7.0347;2.7248;1.9086
7.0228;2.7264;1.9082
7.0109;2.7272;1.9077
6.9989;2.7275;1.9073
6.9869;2.7271;1.9069
6.975;2.7261;1.9065
6.9632;2.7245;1.9061
6.9514;2.7223;1.9056
6.9398;2.7194;1.9052
6.9284;2.7159;1.9048
6.9171;2.7119;1.9044
6.9061;2.7072;1.904
6.8953;2.702;1.9036
6.8849;2.6962;1.9031
6.8747;2.6899;1.9027
6.8649;2.683;1.9023
6.8555;2.6757;1.9019
6.8464;2.6678;1.9015
6.8378;2.6595;1.901
6.8296;2.6508;1.9006
6.822;2.6416;1.9002
6.8148;2.6321;1.8998
6.8081;2.6222;1.8994
6.8019;2.6119;1.899
6.7963;2.6013;1.8985
6.7913;2.5905;1.8981
6.7868;2.5794;1.8977
6.7829;2.5681;1.8973
6.7796;2.5566;1.8969
6.777;2.5449;1.8965
6.7749;2.5331;1.896
6.7735;2.5212;1.8956
6.7727;2.5093;1.8952
6.7725;2.4973;1.8948
6.773;2.4854;1.8944
6.7741;2.4735;1.8939
6.7758;2.4616;1.8935
6.7781;2.4499;1.8931
6.781;2.4383;1.8927
6.7846;2.4269;1.8923
6.7887;2.4157;1.8919
6.7934;2.4047;1.8914
6.7987;2.3939;1.891
6.8046;2.3835;1.8906
6.811;2.3734;1.8902
6.8179;2.3636;1.8898
6.8253;2.3543;1.8894
6.8332;2.3453;1.8889
6.8416;2.3367;1.8885
6.8504;2.3286;1.8881
6.8596;2.321;1.8877
6.8692;2.3139;1.8873
6.8792;2.3072;1.8868
6.8895;2.3012;1.8864
6.9001;2.2956;1.886
6.9109;2.2907;1.8856
6.9221;2.2863;1.8852
6.9334;2.2825;1.8848
6.9449;2.2793;1.8843
6.9566;2.2767;1.8839
6.9684;2.2747;1.8835
6.9803;2.2734;1.8831
6.9922;2.2726;1.8827
7.0042;2.2725;1.8822
7.0162;2.2731;1.8818
7.0281;2.2742;1.8814
7.0399;2.276;1.881
7.0516;2.2784;1.8806
7.0632;2.2814;1.8802
7.0746;2.2851;1.8797
7.0858;2.2893;1.8793
7.0967;2.2941;1.8789
7.1074;2.2995;1.8785
7.1178;2.3054;1.8781
7.1279;2.3118;1.8777
7.1376;2.3188;1.8772
7.1469;2.3263;1.8768
7.1559;2.3343;1.8764
7.1644;2.3427;1.876
7.1724;2.3516;1.8756
7.18;2.3608;1.8751
7.187;2.3705;1.8747
7.1936;2.3805;1.8743
7.1996;2.3908;1.8739
7.2051;2.4015;1.8735
7.2099;2.4124;1.8731
7.2143;2.4235;1.8726
7.218;2.4349;1.8722
7.2211;2.4464;1.8718
7.2236;2.4581;1.8714
7.2255;2.47;1.871
7.2268;2.4818;1.8706
7.2274;2.4938;1.8701
7.2274;2.5058;1.8697
7.2268;2.5177;1.8693
7.2256;2.5296;1.8689
7.2237;2.5414;1.8685
7.2212;2.5531;1.868
7.2181;2.5647;1.8676
7.2144;2.576;1.8672
7.2101;2.5872;1.8668
7.2052;2.5981;1.8664
7.1998;2.6088;1.866
7.1938;2.6191;1.8655
7.1873;2.6292;1.8651
7.1802;2.6388;1.8647
7.1727;2.6481;1.8643
7.1647;2.657;1.8639
7.1562;2.6654;1.8634
7.1473;2.6734;1.863
7.138;2.6809;1.8626
7.1283;2.6879;1.8622
7.1182;2.6944;1.8618
7.1078;2.7003;1.8614
7.0971;2.7057;1.8609
7.0862;2.7105;1.8605
7.075;2.7148;1.8601
7.0636;2.7184;1.8597
7.052;2.7215;1.8593
7.0403;2.7239;1.8589
7.0285;2.7257;1.8584
7.0166;2.7269;1.858
7.0047;2.7275;1.8576
6.9927;2.7274;1.8572
6.9808;2.7267;1.8568
6.9689;2.7254;1.8563
6.9571;2.7234;1.8559
6.9454;2.7208;1.8555
6.9338;2.7177;1.8551
6.9225;2.7139;1.8547
6.9114;2.7095;1.8543
6.9005;2.7046;1.8538
6.8899;2.6991;1.8534
6.8795;2.693;1.853
6.8696;2.6864;1.8526
6.8599;2.6793;1.8522
6.8507;2.6717;1.8518
6.8419;2.6636;1.8513
6.8335;2.655;1.8509
6.8256;2.6461;1.8505
6.8182;2.6367;1.8501
6.8112;2.627;1.8497
6.8048;2.6169;1.8492
6.7989;2.6064;1.8488
6.7936;2.5957;1.8484
6.7889;2.5848;1.848
6.7847;2.5735;1.8476
6.7811;2.5621;1.8472
6.7782;2.5505;1.8467
6.7758;2.5388;1.8463
6.7741;2.527;1.8459
6.773;2.5151;1.8455
6.7725;2.5031;1.8451
6.7727;2.4911;1.8446
6.7735;2.4792;1.8442
6.7749;2.4673;1.8438
6.7769;2.4555;1.8434
6.7795;2.4439;1.843
6.7828;2.4324;1.8426
6.7866;2.421;1.8421
6.7911;2.4099;1.8417
6.7961;2.3991;1.8413
6.8017;2.3885;1.8409
6.8078;2.3782;1.8405
6.8145;2.3683;1.8401
6.8217;2.3587;1.8396
6.8294;2.3495;1.8392
6.8375;2.3408;1.8388
6.8461;2.3325;1.8384
6.8551;2.3246;1.838
6.8645;2.3172;1.8375
6.8743;2.3104;1.8371
6.8845;2.304;1.8367
6.8949;2.2982;1.8363
6.9057;2.293;1.8359
6.9167;2.2883;1.8355
6.9279;2.2842;1.835
6.9394;2.2807;1.8346
6.951;2.2778;1.8342
6.9627;2.2756;1.8338
6.9746;2.2739;1.8334
6.9865;2.2729;1.833
6.9984;2.2725;1.8325
7.0104;2.2727;1.8321
7.0223;2.2736;1.8317
7.0342;2.2751;1.8313
7.046;2.2772;1.8309
7.0576;2.2799;1.8304
7.0691;2.2833;1.83
7.0804;2.2872;1.8296
7.0915;2.2917;1.8292
7.1023;2.2968;1.8288
7.1129;2.3025;1.8284
7.1231;2.3087;1.8279
7.133;2.3154;1.8275
7.1425;2.3226;1.8271
7.1516;2.3304;1.8267
7.1603;2.3386;1.8263
7.1686;2.3472;1.8258
7.1764;2.3563;1.8254
7.1837;2.3658;1.825
7.1905;2.3756;1.8246
7.1968;2.3858;1.8242
7.2025;2.3963;1.8238
7.2077;2.4071;1.8233
7.2123;2.4181;1.8229
7.2163;2.4294;1.8225
7.2197;2.4409;1.8221
7.2225;2.4525;1.8217
7.2247;2.4643;1.8213
7.2262;2.4761;1.8208
7.2272;2.488;1.8204
7.2275;2.5;1.82
7.2272;2.5119;1.82
7.2263;2.5238;1.82
7.2247;2.5356;1.82
7.2225;2.5473;1.82
7.2197;2.5589;1.82
7.2164;2.5703;1.82
7.2124;2.5815;1.82
7.2078;2.5925;1.82
7.2027;2.6033;1.82
7.197;2.6138;1.82
7.1908;2.6239;1.82
7.1841;2.6337;1.82
7.1768;2.6432;1.82
7.1691;2.6522;1.82
7.1609;2.6609;1.82
7.1522;2.6691;1.82
7.1432;2.6768;1.82
7.1337;2.6841;1.82
7.1239;2.6908;1.82
7.1138;2.697;1.82
7.1033;2.7027;1.82
7.0925;2.7078;1.82
7.0815;2.7124;1.82
7.0703;2.7164;1.82
7.0589;2.7197;1.82
7.0473;2.7225;1.82
7.0356;2.7247;1.82
7.0238;2.7263;1.82
7.0119;2.7272;1.82
7;2.7275;1.82
6.9881;2.7272;1.82
6.9762;2.7263;1.82
6.9644;2.7247;1.82
6.9527;2.7225;1.82
6.9411;2.7197;1.82
6.9297;2.7164;1.82
6.9185;2.7124;1.82
6.9075;2.7078;1.82
6.8967;2.7027;1.82
6.8863;2.697;1.82
6.8761;2.6908;1.82
6.8663;2.6841;1.82
6.8568;2.6768;1.82
6.8478;2.6691;1.82
6.8391;2.6609;1.82
6.8309;2.6522;1.82
6.8232;2.6432;1.82
6.8159;2.6337;1.82
6.8092;2.6239;1.82
6.803;2.6138;1.82
6.7973;2.6033;1.82
6.7922;2.5925;1.82
6.7876;2.5815;1.82
6.7836;2.5703;1.82
6.7803;2.5589;1.82
6.7775;2.5473;1.82
6.7753;2.5356;1.82
6.7737;2.5238;1.82
6.7728;2.5119;1.82
6.7725;2.5;1.82
6.7728;2.4881;1.82
6.7737;2.4762;1.82
6.7753;2.4644;1.82
6.7775;2.4527;1.82
6.7803;2.4411;1.82
6.7836;2.4297;1.82
6.7876;2.4185;1.82
6.7922;2.4075;1.82
6.7973;2.3967;1.82
6.803;2.3862;1.82
6.8092;2.3761;1.82
6.8159;2.3663;1.82
6.8232;2.3568;1.82
6.8309;2.3478;1.82
6.8391;2.3391;1.82
6.8478;2.3309;1.82
6.8568;2.3232;1.82
6.8663;2.3159;1.82
6.8761;2.3092;1.82
6.8863;2.303;1.82
6.8967;2.2973;1.82
6.9075;2.2922;1.82
6.9185;2.2876;1.82
6.9297;2.2836;1.82
6.9411;2.2803;1.82
6.9527;2.2775;1.82
6.9644;2.2753;1.82
6.9762;2.2737;1.82
6.9881;2.2728;1.82
7;2.2725;1.82
7.0119;2.2728;1.82
7.0238;2.2737;1.82
7.0356;2.2753;1.82
7.0473;2.2775;1.82
7.0589;2.2803;1.82
7.0703;2.2836;1.82
7.0815;2.2876;1.82
7.0925;2.2922;1.82
7.1033;2.2973;1.82
7.1138;2.303;1.82
7.1239;2.3092;1.82
7.1337;2.3159;1.82
7.1432;2.3232;1.82
7.1522;2.3309;1.82
7.1609;2.3391;1.82
7.1691;2.3478;1.82
7.1768;2.3568;1.82
7.1841;2.3663;1.82
7.1908;2.3761;1.82
7.197;2.3862;1.82
7.2027;2.3967;1.82
7.2078;2.4075;1.82
7.2124;2.4185;1.82
7.2164;2.4297;1.82
7.2197;2.4411;1.82
7.2225;2.4527;1.82
7.2247;2.4644;1.82
7.2263;2.4762;1.82
7.2272;2.4881;1.82
7.2275;2.5;1.82
7.2276;2.5133;1.82
7.2293;2.5265;1.82
7.2419;2.5783;1.82
7.2449;2.5855;1.82
7.2477;2.5937;1.82
7.2499;2.603;1.82
7.2516;2.6132;1.82
7.2525;2.6245;1.82
7.2525;2.6366;1.82
7.2515;2.6496;1.82
7.2492;2.6633;1.82
7.2457;2.6777;1.82
7.2408;2.6926;1.82
7.2343;2.7078;1.82
7.2263;2.7232;1.82
7.2165;2.7386;1.82
7.2051;2.7539;1.82
7.192;2.7687;1.82
7.1772;2.783;1.82
7.1607;2.7966;1.82
7.1426;2.8091;1.82
7.123;2.8205;1.82
7.102;2.8306;1.82
7.0797;2.8391;1.82
7.0562;2.846;1.82
7.0318;2.8511;1.82
7.0066;2.8543;1.82
6.9807;2.8554;1.82
6.9545;2.8545;1.82
6.9281;2.8514;1.82
6.9016;2.8462;1.82
6.8754;2.8387;1.82
6.8497;2.8291;1.82
6.8245;2.8173;1.82
6.8002;2.8035;1.82
6.777;2.7877;1.82
6.7549;2.7699;1.82
6.7342;2.7503;1.82
6.7151;2.729;1.82
6.6977;2.7061;1.82
6.6821;2.6819;1.82
6.6685;2.6564;1.82
6.6569;2.6298;1.82
6.6475;2.6022;1.82
6.6403;2.574;1.82
6.6354;2.5452;1.82
6.6328;2.5161;1.82
6.6325;2.4868;1.82
6.6346;2.4575;1.82
6.6391;2.4285;1.82
6.6459;2.3999;1.82
6.6549;2.3719;1.82
6.6662;2.3447;1.82
6.6796;2.3184;1.82
6.6952;2.2933;1.82
6.7126;2.2696;1.82
6.732;2.2473;1.82
6.7531;2.2266;1.82
6.7757;2.2077;1.82
6.7999;2.1906;1.82
6.8253;2.1755;1.82
6.8519;2.1626;1.82
6.8794;2.1518;1.82
6.9077;2.1432;1.82
6.9366;2.1369;1.82
6.9659;2.133;1.82
6.9955;2.1314;1.82
7.025;2.1322;1.82
7.0545;2.1354;1.82
7.0835;2.141;1.82
7.1121;2.1488;1.82
7.1399;2.1589;1.82
7.1668;2.1713;1.82
7.1926;2.1857;1.82
7.2172;2.2022;1.82
7.2404;2.2206;1.82
7.2621;2.2407;1.82
7.2821;2.2626;1.82
7.3002;2.286;1.82
7.3227;2.3205;1.82
7.3482;2.3673;1.82
7.3698;2.4133;1.82
7.3849;2.4535;1.82
7.3954;2.4906;1.82
7.4025;2.5257;1.82
7.4065;2.5601;1.82
7.4077;2.5936;1.82
7.4063;2.6264;1.82
7.4023;2.6585;1.82
7.3958;2.6899;1.82
7.3868;2.7207;1.82
7.3753;2.7507;1.82
7.3614;2.7799;1.82
7.3451;2.808;1.82
7.3264;2.8349;1.82
7.3055;2.8606;1.82
7.2822;2.8847;1.82
7.2567;2.9072;1.82
7.2291;2.9279;1.82
7.1996;2.9466;1.82
7.1682;2.963;1.82
7.1352;2.977;1.82
7.1008;2.9886;1.82
7.0651;2.9974;1.82
7.0283;3.0033;1.82
6.9908;3.0064;1.82
6.9529;3.0064;1.82
6.9147;3.0034;1.82
6.8765;2.9972;1.82
6.8387;2.9879;1.82
6.8014;2.9756;1.82
6.765;2.9601;1.82
6.7298;2.9417;1.82
6.6958;2.9204;1.82
6.6636;2.8962;1.82
6.6332;2.8695;1.82
6.6049;2.8402;1.82
6.579;2.8086;1.82
6.5556;2.7749;1.82
6.5348;2.7393;1.82
6.517;2.7021;1.82
6.5022;2.6634;1.82
6.4904;2.6235;1.82
6.4819;2.5828;1.82
6.4767;2.5414;1.82
6.4748;2.4997;1.82
6.4763;2.4579;1.82
6.4812;2.4162;1.82
6.4893;2.3751;1.82
6.5008;2.3347;1.82
6.5155;2.2953;1.82
6.5333;2.2572;1.82
6.5541;2.2206;1.82
6.5778;2.1858;1.82
6.6042;2.1529;1.82
6.6332;2.1223;1.82
6.6646;2.0941;1.82
6.6982;2.0685;1.82
6.7337;2.0457;1.82
6.7709;2.0258;1.82
6.8097;2.0089;1.82
6.8496;1.9952;1.82
6.8906;1.9847;1.82
6.9323;1.9776;1.82
6.9744;1.9738;1.82
7.0167;1.9735;1.82
7.0588;1.9765;1.82
7.1006;1.9829;1.82
7.1418;1.9926;1.82
7.1821;2.0056;1.82
7.2211;2.0218;1.82
7.2588;2.0411;1.82
7.2948;2.0633;1.82
7.3306;2.0896;1.82
7.3673;2.1214;1.82
7.4042;2.159;1.82
7.4384;2.1999;1.82
7.4692;2.2434;1.82
7.4965;2.2892;1.82
7.5195;2.336;1.82
7.5382;2.3833;1.82
7.5528;2.431;1.82
7.5633;2.4789;1.82
7.5698;2.5268;1.82
7.5725;2.5744;1.82
7.5713;2.6216;1.82
7.5663;2.6682;1.82
7.5577;2.7139;1.82
7.5455;2.7588;1.82
7.5298;2.8024;1.82
7.5106;2.8446;1.82
7.488;2.8853;1.82
7.4621;2.9242;1.82
7.433;2.9611;1.82
7.4008;2.9957;1.82
7.3657;3.0279;1.82
7.3279;3.0574;1.82
7.2875;3.0839;1.82
7.2448;3.1074;1.82
7.1999;3.1274;1.82
7.1532;3.144;1.82
7.105;3.1568;1.82
7.0554;3.1658;1.82
7.005;3.1709;1.82
6.954;3.1719;1.82
6.9027;3.1687;1.82
6.8515;3.1614;1.82
6.8007;3.15;1.82
6.7507;3.1344;1.82
6.7019;3.1147;1.82
6.6545;3.0911;1.82
6.609;3.0636;1.82
6.5657;3.0325;1.82
6.5251;2.998;1.82
6.4873;2.9604;1.82
6.4527;2.9199;1.82
6.4213;2.8768;1.82
6.3934;2.8314;1.82
6.3692;2.7839;1.82
6.3488;2.7347;1.82
6.3323;2.684;1.82
6.3198;2.6322;1.82
6.3113;2.5796;1.82
6.307;2.5265;1.82
6.3068;2.4732;1.82
6.3106;2.4201;1.82
6.3186;2.3674;1.82
6.3306;2.3155;1.82
6.3466;2.2646;1.82
6.3664;2.2152;1.82
6.39;2.1674;1.82
6.4172;2.1215;1.82
6.4478;2.0779;1.82
6.4817;2.0368;1.82
6.5186;1.9983;1.82
6.5584;1.9628;1.82
6.6007;1.9305;1.82
6.6454;1.9015;1.82
6.6923;1.8761;1.82
6.7409;1.8543;1.82
6.7911;1.8363;1.82
6.8425;1.8223;1.82
6.8948;1.8122;1.82
6.9478;1.8062;1.82
7.001;1.8042;1.82
7.0543;1.8064;1.82
7.1072;1.8126;1.82
7.1595;1.8228;1.82
7.2108;1.837;1.82
7.261;1.8551;1.82
7.3096;1.8769;1.82
7.3565;1.9023;1.82
7.4014;1.9309;1.82
7.4442;1.9627;1.82
7.4847;1.9974;1.82
7.5227;2.0347;1.82
7.5582;2.0744;1.82
7.5911;2.1163;1.82
7.6211;2.1604;1.82
7.6481;2.2063;1.82
7.672;2.254;1.82
7.6927;2.3031;1.82
7.71;2.3535;1.82
7.724;2.4049;1.82
7.7344;2.4572;1.82
7.7412;2.51;1.82
7.7442;2.5632;1.82
7.7435;2.6165;1.82
7.7391;2.6696;1.82
7.731;2.7223;1.82
7.7192;2.7743;1.82
7.7038;2.8253;1.82
7.6849;2.8751;1.82
7.6625;2.9235;1.82
7.6367;2.9701;1.82
7.6076;3.0148;1.82
7.5755;3.0573;1.82
7.5405;3.0975;1.82
7.5028;3.1351;1.82
7.4626;3.1701;1.82
7.4201;3.2023;1.82
7.3754;3.2313;1.82
7.3289;3.2572;1.82
7.2806;3.2799;1.82
7.231;3.2993;1.82
7.1802;3.3153;1.82
7.1284;3.3279;1.82
7.0759;3.337;1.82
7.0229;3.3425;1.82
6.9696;3.3445;1.82
6.9163;3.343;1.82
6.8633;3.3381;1.82
6.8107;3.3297;1.82
6.7587;3.3178;1.82
6.7076;3.3025;1.82
6.6576;3.2841;1.82
6.6089;3.2626;1.82
6.5617;3.2378;1.82
6.5162;3.2101;1.82
6.4725;3.1796;1.82
6.4308;3.1463;1.82
6.3913;3.1106;1.82
6.3542;3.0723;1.82
6.3196;3.0318;1.82
6.2876;2.9892;1.82
6.2583;2.9447;1.82
6.2318;2.8984;1.82
6.2084;2.8506;1.82
6.188;2.8014;1.82
6.1706;2.751;1.82
6.1564;2.6996;1.82
6.1454;2.6475;1.82
6.1377;2.5947;1.82
6.1333;2.5416;1.82
6.1322;2.4883;1.82
6.1342;2.4351;1.82
6.1396;2.3821;1.82
6.1483;2.3295;1.82
6.1603;2.2776;1.82
6.1754;2.2265;1.82
6.1935;2.1763;1.82
6.2147;2.1275;1.82
6.2389;2.08;1.82
6.266;2.0341;1.82
6.2959;1.99;1.82
6.3283;1.9477;1.82
6.3633;1.9075;1.82
6.4007;1.8695;1.82
6.4404;1.834;1.82
6.4822;1.8009;1.82
6.5259;1.7704;1.82
6.5714;1.7427;1.82
6.6186;1.7178;1.82
6.6672;1.696;1.82
6.717;1.6771;1.82
6.7679;1.6612;1.82
6.8196;1.6485;1.82
6.8721;1.6391;1.82
6.925;1.633;1.82
6.9782;1.63;1.82
7.0315;1.6303;1.82
7.0847;1.6338;1.82
7.1376;1.6406;1.82
7.1899;1.6507;1.82
7.2415;1.6639;1.82
7.2923;1.6802;1.82
7.342;1.6994;1.82
7.3904;1.7217;1.82
7.4374;1.7467;1.82
7.4829;1.7745;1.82
7.5268;1.8047;1.82
7.5689;1.8374;1.82
7.6091;1.8723;1.82
7.6473;1.9095;1.82
7.6834;1.9488;1.82
7.7172;1.9899;1.82
7.7488;2.0328;1.82
7.778;2.0774;1.82
7.8047;2.1236;1.82
7.8287;2.1711;1.82
7.8501;2.2199;1.82
7.8689;2.2698;1.82
7.8849;2.3206;1.82
7.898;2.3723;1.82
7.9082;2.4246;1.82
7.9153;2.4774;1.82
7.9196;2.5305;1.82
7.9209;2.5838;1.82
7.9191;2.6371;1.82
7.9143;2.6901;1.82
7.9065;2.7429;1.82
7.8957;2.795;1.82
7.882;2.8465;1.82
7.8655;2.8972;1.82
7.8459;2.9468;1.82
7.8236;2.9951;1.82
7.7985;3.0422;1.82
7.7708;3.0877;1.82
7.7406;3.1316;1.82
7.708;3.1738;1.82
7.673;3.2139;1.82
7.6357;3.252;1.82
7.5964;3.288;1.82
7.5552;3.3218;1.82
7.5121;3.3531;1.82
7.4673;3.382;1.82
7.4209;3.4083;1.82
7.3732;3.432;1.82
7.3242;3.4531;1.82
7.2742;3.4714;1.82
7.2232;3.4869;1.82
7.1715;3.4996;1.82
7.1191;3.5094;1.82
7.0662;3.5163;1.82
7.0131;3.5205;1.82
6.9598;3.5217;1.82
6.9066;3.52;1.82
6.8535;3.5154;1.82
6.8007;3.508;1.82
6.7484;3.4978;1.82
6.6967;3.4849;1.82
6.6458;3.4692;1.82
6.5958;3.4507;1.82
6.5469;3.4296;1.82
6.4991;3.406;1.82
6.4526;3.3799;1.82
6.4075;3.3515;1.82
6.3641;3.3207;1.82
6.3223;3.2875;1.82
6.2823;3.2523;1.82
6.2443;3.215;1.82
6.2081;3.1759;1.82
6.174;3.1349;1.82
6.1422;3.0921;1.82
6.1127;3.0478;1.82
6.0855;3.002;1.82
6.0607;2.9548;1.82
6.0382;2.9064;1.82
6.0184;2.857;1.82
6.0011;2.8066;1.82
5.9865;2.7553;1.82
5.9746;2.7034;1.82
5.9653;2.6509;1.82
5.9587;2.598;1.82
5.9547;2.5449;1.82
5.9536;2.4916;1.82
5.9553;2.4383;1.82
5.9596;2.3852;1.82
5.9666;2.3324;1.82
5.9763;2.28;1.82
5.9886;2.2281;1.82
6.0037;2.177;1.82
6.0213;2.1267;1.82
6.0415;2.0774;1.82
6.0641;2.0291;1.82
6.0891;1.9821;1.82
6.1165;1.9364;1.82
6.1462;1.8922;1.82
6.1782;1.8495;1.82
6.2123;1.8085;1.82
6.2483;1.7693;1.82
6.2863;1.732;1.82
6.3262;1.6966;1.82
6.3679;1.6634;1.82
6.4112;1.6323;1.82
6.456;1.6035;1.82
6.5022;1.577;1.82
6.5497;1.5528;1.82
6.5984;1.5311;1.82
6.6481;1.512;1.82
6.6988;1.4954;1.82
6.7502;1.4814;1.82
6.8023;1.4699;1.82
6.8548;1.4612;1.82
6.9078;1.4551;1.82
6.961;1.4518;1.82
7.0143;1.4512;1.82
7.0675;1.4533;1.82
7.1206;1.4581;1.82
7.1734;1.4655;1.82
7.2257;1.4756;1.82
7.2774;1.4883;1.82
7.3285;1.5036;1.82
7.3787;1.5215;1.82
7.428;1.5417;1.82
7.4762;1.5643;1.82
7.5233;1.5893;1.82
7.5691;1.6166;1.82
7.6135;1.646;1.82
7.6565;1.6775;1.82
7.698;1.711;1.82
7.7378;1.7464;1.82
7.776;1.7836;1.82
7.8123;1.8226;1.82
7.8467;1.8633;1.82
7.8793;1.9055;1.82
7.9098;1.9491;1.82
7.9383;1.9941;1.82
7.9647;2.0404;1.82
7.9889;2.0879;1.82
8.0108;2.1365;1.82
8.0304;2.1861;1.82
8.0478;2.2365;1.82
8.0627;2.2876;1.82
8.0753;2.3394;1.82
8.0853;2.3917;1.82
8.0929;2.4445;1.82
8.098;2.4975;1.82
8.1005;2.5508;1.82
8.1006;2.6041;1.82
8.0982;2.6573;1.82
8.0932;2.7103;1.82
8.0856;2.7631;1.82
8.0756;2.8154;1.82
8.063;2.8672;1.82
8.0481;2.9184;1.82
8.0307;2.9688;1.82
8.0109;3.0182;1.82
7.9888;3.0667;1.82
7.9643;3.1141;1.82
7.9376;3.1602;1.82
7.9088;3.205;1.82
7.8779;3.2484;1.82
7.845;3.2903;1.82
7.8101;3.3306;1.82
7.7733;3.3691;1.82
7.7347;3.4059;1.82
7.6944;3.4408;1.82
7.6526;3.4738;1.82
7.6092;3.5048;1.82
7.5644;3.5337;1.82
7.5183;3.5604;1.82
7.471;3.5849;1.82
7.4226;3.6073;1.82
7.3879;3.6214;1.82
7.3736;3.6262;1.82
7.3589;3.629;1.82
7.3439;3.63;1.82
6.7348;3.63;1.82
6.6815;3.6273;1.82
6.6322;3.6223;1.82
6.5798;3.6126;1.82
6.5283;3.5989;1.82
6.4779;3.5816;1.82
6.4286;3.5612;1.82
6.3807;3.5379;1.82
6.3342;3.5119;1.82
6.2891;3.4835;1.82
6.2454;3.4529;1.82
6.2034;3.4202;1.82
6.1629;3.3855;1.82
6.1242;3.3489;1.82
6.0873;3.3105;1.82
6.0521;3.2704;1.82
6.0188;3.2288;1.82
5.9874;3.1858;1.82
5.958;3.1413;1.82
5.9306;3.0956;1.82
5.9052;3.0487;1.82
5.882;3.0008;1.82
5.8795;2.9949;1.82
5.8743;2.98;1.82
5.8711;2.9645;1.82
5.87;2.9488;1.82
5.87;2.2006;1.82
5.8727;2.1473;1.82
5.8757;2.1208;1.82
5.8833;2.0734;1.82
5.8959;2.0216;1.82
5.9125;1.971;1.82
5.9327;1.9216;1.82
5.9559;1.8737;1.82
5.9819;1.8272;1.82
6.0104;1.7821;1.82
6.0412;1.7387;1.82
6.0743;1.6968;1.82
6.1093;1.6567;1.82
6.1462;1.6183;1.82
6.1849;1.5816;1.82
6.2252;1.5467;1.82
6.267;1.5136;1.82
6.3102;1.4825;1.82
6.3548;1.4533;1.82
6.4007;1.4262;1.82
6.4477;1.4011;1.82
6.4889;1.3814;1.82
6.5051;1.3751;1.82
6.522;1.3713;1.82
6.5393;1.37;1.82
7.3047;1.37;1.82
7.3579;1.3727;1.82
7.4036;1.3779;1.82
7.4545;1.3878;1.82
7.5058;1.4023;1.82
7.5559;1.4204;1.82
7.6047;1.4418;1.82
7.6521;1.4661;1.82
7.6982;1.4929;1.82
7.7428;1.5221;1.82
7.7859;1.5534;1.82
7.8275;1.5867;1.82
7.8676;1.6218;1.82
7.9061;1.6587;1.82
7.9429;1.6972;1.82
7.978;1.7373;1.82
8.0114;1.7788;1.82
8.0431;1.8217;1.82
8.073;1.8658;1.82
8.1011;1.9111;1.82
8.1149;1.9356;1.82
8.1214;1.9491;1.82
8.1262;1.9633;1.82
8.129;1.978;1.82
8.13;1.993;1.82
8.13;3.0091;1.82
8.128;3.0495;1.82
8.1229;3.0879;1.82
8.1138;3.1306;1.82
8.0994;3.1786;1.82
8.0801;3.2283;1.82
8.0571;3.2763;1.82
8.0309;3.3228;1.82
8.002;3.3675;1.82
7.9706;3.4106;1.82
7.937;3.452;1.82
7.9014;3.4916;1.82
7.8639;3.5295;1.82
7.8248;3.5656;1.82
7.784;3.6;1.82
7.7765;3.6058;1.82
7.7637;3.6143;1.82
7.75;3.6211;1.82
7.7355;3.626;1.82
7.7205;3.629;1.82
7.7053;3.63;1.82
7.3439;3.63;1.82
7.3385;3.6295;1.82
7.3331;3.6284;1.82
7.3279;3.6268;1.82
7.3229;3.6245;1.82
7.3181;3.6218;1.82
7.3137;3.6185;1.82
7.3097;3.6148;1.82
7.3061;3.6106;1.82
7.303;3.6061;1.82
7.3004;3.6013;1.82
7.2983;3.5962;1.82
7.2969;3.5909;1.82
7.296;3.5855;1.82
7.2957;3.5801;1.82
7.2957;3.58;1.82
7.2959;3.575;1.82
7.2967;3.57;1.82
7.2979;3.5651;1.82
7.2997;3.5603;1.82
7.3019;3.5558;1.82
7.3046;3.5515;1.82
7.3077;3.5475;1.82
7.3112;3.5438;1.82
7.315;3.5405;1.82
8.0494;2.9713;1.82
8.0539;2.9682;1.82
8.0587;2.9656;1.82
8.0638;2.9635;1.82
8.0691;2.962;1.82
8.0745;2.9611;1.82
8.08;2.9608;1.82
8.0855;2.9611;1.82
8.0909;2.962;1.82
8.0962;2.9635;1.82
8.1012;2.9655;1.82
8.1061;2.9681;1.82
8.1106;2.9712;1.82
8.1147;2.9748;1.82
8.1185;2.9788;1.82
8.1218;2.9833;1.82
8.1245;2.988;1.82
8.1268;2.993;1.82
8.1284;2.9982;1.82
8.1295;3.0036;1.82
8.13;3.0091;1.82
8.13;3.3085;1.82
8.1283;3.3418;1.82
8.1247;3.3698;1.82
8.1181;3.4004;1.82
8.1078;3.4348;1.82
8.0927;3.4735;1.82
8.0722;3.5159;1.82
8.0451;3.5618;1.82
8.0321;3.5804;1.82
8.0202;3.5947;1.82
8.0062;3.607;1.82
7.9904;3.6169;1.82
7.9733;3.6241;1.82
7.9552;3.6285;1.82
7.9366;3.63;1.82
7.7053;3.63;1.82
7.6998;3.6295;1.82
7.6944;3.6284;1.82
7.6892;3.6268;1.82
7.6842;3.6245;1.82
7.6795;3.6218;1.82
7.6751;3.6185;1.82
7.671;3.6148;1.82
7.6675;3.6106;1.82
7.6643;3.6061;1.82
7.6618;3.6013;1.82
7.6597;3.5962;1.82
7.6582;3.5909;1.82
7.6573;3.5855;1.82
7.657;3.5801;1.82
7.657;3.58;1.82
7.6573;3.5748;1.82
7.6581;3.5696;1.82
7.6595;3.5645;1.82
7.6613;3.5596;1.82
7.6637;3.555;1.82
7.6666;3.5506;1.82
7.6699;3.5465;1.82
7.6736;3.5428;1.82
7.6777;3.5395;1.82
8.0507;3.2697;1.82
8.0553;3.2668;1.82
8.0601;3.2644;1.82
8.0652;3.2625;1.82
8.0704;3.2612;1.82
8.0758;3.2604;1.82
8.0812;3.2603;1.82
8.0865;3.2607;1.82
8.0919;3.2617;1.82
8.097;3.2632;1.82
8.102;3.2653;1.82
8.1067;3.268;1.82
8.1111;3.2711;1.82
8.1152;3.2747;1.82
8.1188;3.2787;1.82
8.122;3.2831;1.82
8.1247;3.2877;1.82
8.1268;3.2927;1.82
8.1285;3.2978;1.82
8.1295;3.3031;1.82
8.13;3.3085;1.82
8.13;3.5481;1.82
8.1292;3.5642;1.82
8.1262;3.5775;1.82
8.1209;3.59;1.82
8.1135;3.6014;1.82
8.1041;3.6112;1.82
8.0931;3.6192;1.82
8.0809;3.6252;1.82
8.0678;3.6288;1.82
8.0543;3.63;1.82
8.0476;3.6295;1.82
8.041;3.6285;1.82
8.0346;3.627;1.82
8.0282;3.6249;1.82
8.0221;3.6224;1.82
8.0161;3.6194;1.82
8.0104;3.6159;1.82
8.0051;3.612;1.82
8;3.6077;1.82
7.9951;3.6027;1.82
7.9907;3.5974;1.82
7.9868;3.5917;1.82
7.9834;3.5857;1.82
7.9806;3.5794;1.82
7.9783;3.5728;1.82
7.9766;3.5661;1.82
7.9756;3.5593;1.82
7.9751;3.5524;1.82
7.9753;3.5454;1.82
7.9761;3.5386;1.82
7.9775;3.5318;1.82
7.9795;3.5252;1.82
7.982;3.5187;1.82
7.9852;3.5126;1.82
7.9889;3.5067;1.82
7.993;3.5012;1.82
7.9977;3.4961;1.82
8.0028;3.4914;1.82
8.0083;3.4872;1.82
8.0141;3.4835;1.82
8.0203;3.4804;1.82
8.0267;3.4778;1.82
8.0333;3.4757;1.82
8.0401;3.4743;1.82
8.047;3.4735;1.82
8.0539;3.4733;1.82
8.0608;3.4737;1.82
8.0676;3.4748;1.82
8.0744;3.4764;1.82
8.0809;3.4787;1.82
8.0872;3.4815;1.82
8.0933;3.4849;1.82
8.099;3.4888;1.82
8.1043;3.4931;1.82
8.1093;3.498;1.82
8.1138;3.5033;1.82
8.1178;3.5089;1.82
8.1212;3.5149;1.82
8.1242;3.5212;1.82
8.1265;3.5277;1.82
8.1283;3.5344;1.82
8.1294;3.5412;1.82
8.13;3.5481;1.82
8.13;3.578;1.82
8.1296;3.5858;1.82
8.1281;3.593;1.82
8.1254;3.6005;1.82
8.1211;3.608;1.82
8.1182;3.6118;1.82
8.1146;3.6156;1.82
8.1098;3.6197;1.82
8.1051;3.6229;1.82
8.0996;3.6258;1.82
8.0921;3.6284;1.82
8.0846;3.6297;1.82
8.0696;3.63;1.82
7.9366;3.63;1.82
7.9314;3.6295;1.82
7.9263;3.6286;1.82
7.9213;3.627;1.82
7.9165;3.625;1.82
7.912;3.6225;1.82
7.9077;3.6195;1.82
7.9037;3.6161;1.82
7.9002;3.6123;1.82
7.897;3.6082;1.82
7.8943;3.6037;1.82
7.8921;3.599;1.82
7.8904;3.5941;1.82
7.2584;1.434;1.82
7.2572;1.4288;1.82
7.2566;1.4235;1.82
7.2565;1.4181;1.82
7.257;1.4128;1.82
7.258;1.4076;1.82
7.2596;1.4025;1.82
7.2617;1.3975;1.82
7.2644;1.3929;1.82
7.2675;1.3886;1.82
7.2711;1.3846;1.82
7.2751;1.381;1.82
7.2794;1.3779;1.82
7.2841;1.3752;1.82
7.289;1.3731;1.82
7.2941;1.3715;1.82
7.2994;1.3705;1.82
7.3047;1.37;1.82
7.6497;1.37;1.82
7.6876;1.3719;1.82
7.717;1.3758;1.82
7.751;1.383;1.82
7.7894;1.3945;1.82
7.8312;1.4108;1.82
7.8777;1.4334;1.82
7.9236;1.4604;1.82
7.9675;1.4907;1.82
8.0093;1.5236;1.82
8.0493;1.5589;1.82
8.0873;1.5963;1.82
8.0989;1.6088;1.82
8.1098;1.6225;1.82
8.1185;1.6375;1.82
8.1248;1.6538;1.82
8.1287;1.6707;1.82
8.13;1.6881;1.82
8.13;1.993;1.82
8.1295;1.9984;1.82
8.1284;2.0038;1.82
8.1268;2.009;1.82
8.1245;2.014;1.82
8.1218;2.0188;1.82
8.1185;2.0232;1.82
8.1148;2.0272;1.82
8.1106;2.0308;1.82
8.1061;2.0339;1.82
8.1013;2.0365;1.82
8.0962;2.0385;1.82
8.0909;2.04;1.82
8.0855;2.0409;1.82
8.0801;2.0412;1.82
8.08;2.0412;1.82
8.0749;2.041;1.82
8.0698;2.0402;1.82
8.0648;2.0389;1.82
8.06;2.037;1.82
8.0554;2.0347;1.82
8.0511;2.032;1.82
8.047;2.0288;1.82
8.0433;2.0252;1.82
8.04;2.0212;1.82
7.6114;1.45;1.82
7.6084;1.4454;1.82
7.6059;1.4406;1.82
7.6039;1.4355;1.82
7.6025;1.4303;1.82
7.6016;1.4249;1.82
7.6014;1.4195;1.82
7.6018;1.414;1.82
7.6027;1.4087;1.82
7.6042;1.4034;1.82
7.6063;1.3984;1.82
7.6089;1.3936;1.82
7.612;1.3892;1.82
7.6156;1.3851;1.82
7.6196;1.3814;1.82
7.624;1.3781;1.82
7.6287;1.3754;1.82
7.6337;1.3732;1.82
7.6389;1.3716;1.82
7.6442;1.3705;1.82
7.6497;1.37;1.82
7.9196;1.37;1.82
7.945;1.3713;1.82
7.9707;1.3746;1.82
7.9982;1.3805;1.82
8.0298;1.39;1.82
8.0611;1.4022;1.82
8.0643;1.4037;1.82
8.0803;1.4132;1.82
8.0947;1.425;1.82
8.1069;1.4391;1.82
8.1168;1.4548;1.82
8.1241;1.472;1.82
8.1285;1.4901;1.82
8.13;1.5087;1.82
8.1295;1.5141;1.82
8.1284;1.5195;1.82
8.1268;1.5247;1.82
8.1245;1.5297;1.82
8.1218;1.5345;1.82
8.1185;1.5389;1.82
8.1148;1.5429;1.82
8.1106;1.5465;1.82
8.1061;1.5496;1.82
8.1013;1.5522;1.82
8.0962;1.5542;1.82
8.0909;1.5557;1.82
8.0855;1.5566;1.82
8.0801;1.5569;1.82
8.08;1.5569;1.82
8.075;1.5567;1.82
8.0701;1.5559;1.82
8.0652;1.5547;1.82
8.0605;1.553;1.82
8.056;1.5508;1.82
7.8973;1.4638;1.82
7.8927;1.461;1.82
7.8885;1.4576;1.82
7.8846;1.4538;1.82
7.8811;1.4496;1.82
7.8781;1.4451;1.82
7.8757;1.4403;1.82
7.8737;1.4352;1.82
7.8724;1.43;1.82
7.8716;1.4246;1.82
7.8714;1.4192;1.82
7.8718;1.4138;1.82
7.8727;1.4084;1.82
7.8743;1.4032;1.82
7.8764;1.3982;1.82
7.879;1.3935;1.82
7.8821;1.389;1.82
7.8857;1.3849;1.82
7.8897;1.3813;1.82
7.8941;1.3781;1.82
7.8988;1.3754;1.82
7.9037;1.3732;1.82
7.9089;1.3715;1.82
7.9142;1.3705;1.82
7.9196;1.37;1.82
8.0696;1.37;1.82
8.0846;1.3703;1.82
8.0921;1.3716;1.82
8.0996;1.3742;1.82
8.1051;1.3771;1.82
8.1098;1.3803;1.82
8.1146;1.3844;1.82
8.1182;1.3882;1.82
8.1211;1.392;1.82
8.1254;1.3995;1.82
8.1281;1.407;1.82
8.1296;1.4142;1.82
8.13;1.422;1.82
8.13;1.6881;1.82
8.1295;1.6935;1.82
8.1285;1.6988;1.82
8.1268;1.704;1.82
8.1246;1.709;1.82
8.1219;1.7137;1.82
8.1187;1.718;1.82
8.115;1.722;1.82
8.111;1.7256;1.82
8.1065;1.7288;1.82
8.1018;1.7314;1.82
8.0968;1.7335;1.82
8.0916;1.735;1.82
5.9315;2.2475;1.82
5.9261;2.2484;1.82
5.9206;2.2488;1.82
5.915;2.2486;1.82
5.9096;2.2477;1.82
5.9042;2.2463;1.82
5.8991;2.2442;1.82
5.8942;2.2417;1.82
5.8897;2.2386;1.82
5.8855;2.235;1.82
5.8817;2.2309;1.82
5.8784;2.2265;1.82
5.8756;2.2218;1.82
5.8733;2.2167;1.82
5.8716;2.2115;1.82
5.8705;2.2061;1.82
5.87;2.2006;1.82
5.87;1.8562;1.82
5.8717;1.8218;1.82
5.8756;1.792;1.82
5.8825;1.7596;1.82
5.8936;1.7227;1.82
5.9096;1.6816;1.82
5.9312;1.637;1.82
5.9583;1.5911;1.82
5.9887;1.5474;1.82
6.022;1.5057;1.82
6.0577;1.4662;1.82
6.0956;1.4287;1.82
6.1278;1.3997;1.82
6.1413;1.3893;1.82
6.1562;1.381;1.82
6.1721;1.3749;1.82
6.1887;1.3712;1.82
6.2057;1.37;1.82
6.5393;1.37;1.82
6.5447;1.3705;1.82
6.5501;1.3716;1.82
6.5553;1.3732;1.82
6.5603;1.3755;1.82
6.5651;1.3782;1.82
6.5695;1.3815;1.82
6.5735;1.3852;1.82
6.5771;1.3894;1.82
6.5802;1.3939;1.82
6.5828;1.3987;1.82
6.5848;1.4038;1.82
6.5863;1.4091;1.82
6.5872;1.4145;1.82
6.5875;1.4199;1.82
6.5875;1.42;1.82
6.5873;1.4253;1.82
6.5864;1.4305;1.82
6.585;1.4357;1.82
6.5831;1.4406;1.82
6.5806;1.4453;1.82
6.5777;1.4498;1.82
6.5743;1.4539;1.82
6.5705;1.4576;1.82
6.5663;1.4609;1.82
5.9487;1.8953;1.82
5.9442;1.8982;1.82
5.9394;1.9005;1.82
5.9343;1.9023;1.82
5.9291;1.9036;1.82
5.9238;1.9043;1.82
5.9184;1.9044;1.82
5.913;1.904;1.82
5.9078;1.9029;1.82
5.9026;1.9013;1.82
5.8977;1.8992;1.82
5.893;1.8966;1.82
5.8887;1.8934;1.82
5.8847;1.8899;1.82
5.8811;1.8859;1.82
5.8779;1.8815;1.82
5.8753;1.8768;1.82
5.8731;1.8719;1.82
5.8715;1.8668;1.82
5.8705;1.8615;1.82
5.87;1.8562;1.82
5.87;1.6016;1.82
5.8717;1.5682;1.82
5.875;1.5431;1.82
5.8807;1.5165;1.82
5.8899;1.4858;1.82
5.9028;1.4525;1.82
5.9114;1.4348;1.82
5.9207;1.4189;1.82
5.9324;1.4048;1.82
5.9462;1.3927;1.82
5.9618;1.383;1.82
5.9787;1.3758;1.82
5.9965;1.3715;1.82
6.0148;1.37;1.82
6.0203;1.3705;1.82
6.0257;1.3716;1.82
6.0309;1.3732;1.82
6.0359;1.3755;1.82
6.0406;1.3782;1.82
6.045;1.3815;1.82
6.049;1.3852;1.82
6.0526;1.3894;1.82
6.0557;1.3939;1.82
6.0583;1.3987;1.82
6.0604;1.4038;1.82
6.0619;1.4091;1.82
6.0628;1.4145;1.82
6.0631;1.4199;1.82
6.0631;1.42;1.82
6.0629;1.4247;1.82
6.0622;1.4295;1.82
6.061;1.4341;1.82
6.0595;1.4386;1.82
6.0575;1.443;1.82
5.9644;1.6229;1.82
5.9616;1.6276;1.82
5.9583;1.632;1.82
5.9546;1.636;1.82
5.9504;1.6396;1.82
5.9459;1.6426;1.82
5.9411;1.6452;1.82
5.936;1.6473;1.82
5.9307;1.6487;1.82
5.9253;1.6496;1.82
5.9199;1.6499;1.82
5.9144;1.6496;1.82
5.909;1.6487;1.82
5.9037;1.6472;1.82
5.8987;1.6451;1.82
5.8938;1.6425;1.82
5.8893;1.6394;1.82
5.8852;1.6358;1.82
5.8815;1.6318;1.82
5.8782;1.6274;1.82
5.8755;1.6227;1.82
5.8732;1.6177;1.82
5.8716;1.6125;1.82
5.8705;1.6071;1.82
5.87;1.6016;1.82
5.87;1.422;1.82
5.8704;1.4145;1.82
5.8719;1.407;1.82
5.8746;1.3995;1.82
5.8789;1.392;1.82
5.8798;1.3907;1.82
5.8832;1.3866;1.82
5.8873;1.3825;1.82
5.891;1.3795;1.82
5.8948;1.377;1.82
5.9023;1.3734;1.82
5.9098;1.3711;1.82
5.9173;1.3701;1.82
5.9248;1.37;1.82
6.2057;1.37;1.82
6.211;1.3705;1.82
6.2163;1.3715;1.82
6.2215;1.3732;1.82
6.2264;1.3753;1.82
6.2311;1.378;1.82
6.2355;1.3812;1.82
6.2395;1.3848;1.82
6.243;1.3888;1.82
6.2462;1.3932;1.82
6.2488;1.3979;1.82
6.2509;1.4029;1.82
6.2525;1.4081;1.82
6.7816;3.5681;1.82
6.7826;3.5736;1.82
6.783;3.5791;1.82
6.7828;3.5847;1.82
6.782;3.5902;1.82
6.7806;3.5955;1.82
6.7785;3.6007;1.82
6.776;3.6056;1.82
6.7729;3.6102;1.82
6.7693;3.6144;1.82
6.7653;3.6182;1.82
6.7608;3.6216;1.82
6.756;3.6244;1.82
6.751;3.6267;1.82
6.7457;3.6284;1.82
6.7403;3.6295;1.82
6.7348;3.63;1.82
6.3748;3.63;1.82
6.3355;3.628;1.82
6.3052;3.6241;1.82
6.2715;3.6169;1.82
6.2333;3.6054;1.82
6.191;3.5889;1.82
6.1453;3.5667;1.82
6.0993;3.5397;1.82
6.0555;3.5094;1.82
6.0138;3.4762;1.82
5.9741;3.4407;1.82
5.9363;3.4031;1.82
5.9005;3.3636;1.82
5.8966;3.3588;1.82
5.8873;3.3458;1.82
5.8798;3.3315;1.82
5.8744;3.3164;1.82
5.8711;3.3007;1.82
5.87;3.2846;1.82
5.87;2.9488;1.82
5.8705;2.9433;1.82
5.8716;2.9379;1.82
5.8732;2.9327;1.82
5.8755;2.9277;1.82
5.8782;2.923;1.82
5.8815;2.9186;1.82
5.8852;2.9146;1.82
5.8894;2.911;1.82
5.8939;2.9079;1.82
5.8987;2.9053;1.82
5.9038;2.9032;1.82
5.9091;2.9017;1.82
5.9145;2.9008;1.82
5.9199;2.9005;1.82
5.92;2.9005;1.82
5.9252;2.9008;1.82
5.9304;2.9016;1.82
5.9355;2.903;1.82
5.9404;2.9049;1.82
5.9451;2.9073;1.82
5.9495;2.9101;1.82
5.9536;2.9135;1.82
5.9573;2.9172;1.82
5.9606;2.9213;1.82
6.4136;3.5508;1.82
6.4165;3.5554;1.82
6.4189;3.5602;1.82
6.4208;3.5653;1.82
6.4221;3.5705;1.82
6.4229;3.5758;1.82
6.423;3.5812;1.82
6.4226;3.5866;1.82
6.4216;3.5919;1.82
6.4201;3.5971;1.82
6.4179;3.602;1.82
6.4153;3.6068;1.82
6.4122;3.6112;1.82
6.4086;3.6152;1.82
6.4046;3.6188;1.82
6.4002;3.622;1.82
6.3956;3.6247;1.82
6.3906;3.6268;1.82
6.3855;3.6285;1.82
6.3802;3.6295;1.82
6.3748;3.63;1.82
6.1048;3.63;1.82
6.0785;3.6287;1.82
6.053;3.6253;1.82
6.0259;3.6196;1.82
5.9947;3.6102;1.82
5.9607;3.597;1.82
5.9259;3.5801;1.82
5.9121;3.5705;1.82
5.8998;3.559;1.82
5.8894;3.5458;1.82
5.8811;3.5312;1.82
5.875;3.5155;1.82
5.8712;3.4991;1.82
5.87;3.4823;1.82
5.8705;3.4769;1.82
5.8716;3.4715;1.82
5.8732;3.4663;1.82
5.8755;3.4613;1.82
5.8782;3.4565;1.82
5.8815;3.4521;1.82
5.8852;3.4481;1.82
5.8894;3.4445;1.82
5.8939;3.4414;1.82
5.8987;3.4388;1.82
5.9038;3.4367;1.82
5.9091;3.4353;1.82
5.9145;3.4344;1.82
5.9199;3.4341;1.82
5.92;3.4341;1.82
5.9248;3.4343;1.82
5.9296;3.435;1.82
5.9343;3.4361;1.82
5.9388;3.4377;1.82
5.9432;3.4398;1.82
6.1263;3.5357;1.82
6.131;3.5385;1.82
6.1353;3.5418;1.82
6.1393;3.5456;1.82
6.1429;3.5497;1.82
6.1459;3.5543;1.82
6.1485;3.5591;1.82
6.1505;3.5642;1.82
6.1519;3.5694;1.82
6.1528;3.5748;1.82
6.1531;3.5803;1.82
6.1527;3.5857;1.82
6.1518;3.5911;1.82
6.1503;3.5964;1.82
6.1483;3.6014;1.82
6.1457;3.6062;1.82
6.1425;3.6107;1.82
6.139;3.6149;1.82
6.1349;3.6186;1.82
6.1305;3.6218;1.82
6.1258;3.6246;1.82
6.1208;3.6268;1.82
6.1156;3.6284;1.82
6.1103;3.6295;1.82
6.1048;3.63;1.82
5.9248;3.63;1.82
5.9173;3.6299;1.82
5.9098;3.6289;1.82
5.9023;3.6266;1.82
5.8948;3.6229;1.82
5.891;3.6205;1.82
5.8873;3.6175;1.82
5.8832;3.6134;1.82
5.8798;3.6093;1.82
5.8789;3.608;1.82
5.8746;3.6005;1.82
5.8719;3.593;1.82
5.8704;3.5855;1.82
5.87;3.578;1.82
5.87;3.2846;1.82
5.8704;3.2795;1.82
5.8714;3.2745;1.82
5.8729;3.2695;1.82
5.8749;3.2648;1.82
5.8774;3.2602;1.82
5.8803;3.256;1.82
5.8837;3.2516;1.8203
5.887;3.2472;1.8213
5.8903;3.2429;1.8228
5.8935;3.2388;1.825
5.8964;3.2349;1.8277
5.8992;3.2312;1.8309
5.9018;3.2279;1.8346
5.904;3.225;1.8388
5.906;3.2224;1.8434
5.9076;3.2202;1.8483
5.909;3.2185;1.8535
5.9099;3.2173;1.8589
5.9105;3.2165;1.8644
5.9107;3.2163;1.87
5.9107;3.2163;2.6
